	GH1	GH10	GH100	GH101	GH102	GH103	GH104	GH105	GH106	GH107	GH108	GH109	GH11	GH110	GH111	GH112	GH113	GH114	GH115	GH116	GH117	GH119	GH12	GH120	GH121	GH123	GH124	GH125	GH126	GH127	GH128	GH129	GH13	GH130	GH14	GH15	GH16	GH17	GH18	GH19	GH2	GH20	GH22	GH23	GH24	GH25	GH26	GH27	GH28	GH29	GH3	GH30	GH31	GH32	GH33	GH35	GH36	GH37	GH38	GH39	GH4	GH42	GH43	GH44	GH45	GH46	GH47	GH48	GH49	GH5	GH50	GH51	GH52	GH53	GH54	GH55	GH56	GH57	GH58	GH59	GH6	GH61	GH62	GH63	GH64	GH65	GH66	GH67	GH68	GH70	GH71	GH73	GH74	GH75	GH76	GH77	GH78	GH79	GH8	GH80	GH81	GH82	GH84	GH85	GH86	GH87	GH88	GH89	GH9	GH91	GH92	GH93	GH94	GH95	GH97	GH98	GH99
AfElphSD3.16S	1.13153684139	0.406150132418	0.0026273294352	0.0980658680201	0.0941061228514	0.0502516031265	0.0286632627249	1.19997191429	0.791309654713	0.0103592080995	0.082855604589	4.02845716476	0.0264637265354	0.322075933218	0.000601468083914	0.166925296187	0.075378395617	0.0718397349119	0.482719570398	0.0893404334784	0.139952123165	0.000698507355992	0.0155669879168	0.0585871078074	0.0494478307664	0.375178515911	0.0112255858257	0.456699669361	0.0239280220121	1.01216828823	0.049754422158	0.0694005861878	5.41730356216	0.925125420094	0.0117165399715	0.161568567157	0.638537466526	0.011867729947	1.21150636673	0.0578287281096	5.07063245773	2.34708571434	0.0104138907045	2.06340122223	0.753790318966	1.66070759296	0.557568609715	0.40999943018	1.672498703	1.62976455688	3.39212346077	0.598147630692	1.36774146557	1.02244782448	0.926635503769	0.514879107475	0.777490079403	0.0849873423576	0.411385148764	0.102879829705	1.03447425365	0.381011605263	4.32818746567	0.0112255858257	0.000407834595535	0.00612963270396	0.00333880912513	0.0115748392418	0.0106178950518	1.393689394	0.112327702343	0.842969954014	0.00104776106309	0.331627070904	0.000232109145145	0.0515580587089	0.000394212256651	0.464550793171	0.00122350384481	0.0344078466296	0.00760522857308	0.00102834322024	0.0158036164939	0.337212324142	0.00490382686257	0.366244137287	0.0974938720465	0.163617402315	0.0195174179971	0.010666209273	0.00125169567764	1.82754290104	0.429332792759	0.00200876663439	0.967545807362	1.03297746181	1.33727490902	0.0189587138593	0.128955468535	0.0010759702418	0.0204014685005	0.0217279028147	0.375773847103	0.295657515526	0.00707508157939	0.0208017490804	0.824187815189	0.391029268503	0.205916270614	0.0400896444917	2.7155957222	0.0564245358109	0.263886898756	1.1756632328	1.7679297924	0.0347971469164	0.368553370237
Armadillo.16S	1.7898414135	0.260245770216	0.00425522681326	0.230671823025	0.0498899631202	0.0635487660766	0.0233847126365	0.674728691578	0.477551788092	0.00494860718027	0.0422332212329	3.14671874046	0.0380142666399	0.0647385045886	0.00134892051574	0.305527806282	0.0885459855199	0.076878271997	0.256807953119	0.0428479872644	0.0755392760038	0.00113974930719	0.00850400980562	0.0588305927813	0.0236080698669	0.204390719533	0.022742304951	0.2072391361	0.0269767716527	0.555360198021	0.0305367913097	0.0949156805873	5.82883358002	0.427700906992	0.0122874621302	0.11162379384	0.272200137377	0.00528500275686	0.824884474277	0.0357620716095	3.14079713821	0.934920549393	0.0047132698819	1.90873908997	0.276359826326	1.66445326805	0.357963651419	0.257719516754	0.935982823372	0.718392908573	2.27996444702	0.341635942459	1.14162278175	1.09631919861	0.579817116261	0.326279610395	0.715776026249	0.0513380542397	0.446987658739	0.0915665253997	0.945398211479	0.373807132244	2.64351630211	0.0228962339461	0.000490100705065	0.00328981713392	0.0013090595603	0.0234661083668	0.00527609884739	1.22934436798	0.0528760924935	0.575364649296	0.00170962396078	0.222246646881	0.000243521251832	0.0399693585932	0.000257180887274	0.141057625413	0.00159624405205	0.0591737292707	0.0132898250595	0.00306428642943	0.0136338910088	0.135880500078	0.00571881700307	0.316326081753	0.0337627828121	0.0878714025021	0.0294547043741	0.027604771778	0.0014284098288	1.55782651901	0.429693281651	0.00299043185078	0.381620824337	1.08155894279	0.776919543743	0.00835151225328	0.160713851452	0.00130768399686	0.0231854412705	0.0304084848613	0.308003902435	0.117916926742	0.00340421055444	0.0101432986557	0.558382034302	0.183494478464	0.24468486011	0.0560356043279	0.70635420084	0.0215681176633	0.370873659849	0.792162120342	0.608535289764	0.040929235518	0.144965216517
BaboonSTL.16S	1.91098225117	0.170738518238	0.00215782783926	0.146060988307	0.101489454508	0.132180124521	0.0449785701931	0.658282160759	0.592626571655	0.00304909306578	0.0862491726875	3.49449872971	0.02381561324	0.0497281886637	0.00118882022798	0.289946496487	0.146003603935	0.0876998454332	0.134347066283	0.0463986434042	0.0610561221838	0.00118819845375	0.00936415791512	0.053128246218	0.0177566576749	0.147917419672	0.01627538912	0.178035065532	0.0424026958644	0.413792133331	0.0289000291377	0.0800762027502	5.24856042862	0.482437700033	0.0203363448381	0.120898686349	0.238512188196	0.00987898558378	0.863427817822	0.0553887486458	2.72966051102	0.740417718887	0.00299331708811	2.01542329788	0.40645813942	1.51596021652	0.331991195679	0.184337466955	0.702992737293	0.620697319508	1.9441382885	0.239567577839	1.01772987843	0.848502159119	0.541595518589	0.226465210319	0.686133801937	0.10490975529	0.39431849122	0.130373820662	1.12394762039	0.356091082096	1.84275841713	0.01627538912	0.00109370285645	0.00329680158757	0.000766849087086	0.0168694891036	0.00348936743103	1.01269340515	0.0406782664359	0.392225593328	0.00181576493196	0.149829402566	0.000553544901777	0.0264580994844	0.000561911670957	0.139118552208	0.00328110856935	0.0511996671557	0.0140410782769	0.00224563712254	0.0766419097781	0.1395804286	0.00607953639701	0.314924150705	0.0297968313098	0.0419936440885	0.0348787233233	0.0216026008129	0.0032878019847	1.46150481701	0.373810738325	0.00401695119217	0.413894802332	1.00261890888	0.769863069057	0.0069221034646	0.137054756284	0.00274764397182	0.0194256324321	0.0211591627449	0.235502839088	0.120742596686	0.00222646794282	0.0142570044845	0.461533010006	0.127386644483	0.197845727205	0.0162817630917	0.614178299904	0.0202936641872	0.39321359992	0.527385592461	0.380388766527	0.028673838824	0.125758498907
BaboonW.16S	1.19496297836	0.137347847223	0.00397055735812	0.103113904595	0.0458077341318	0.08014241606	0.0171585138887	0.367765545845	0.373781085014	0.00151162093971	0.0596782006323	3.05619263649	0.0193119831383	0.0347130447626	0.000691178138368	0.200772330165	0.0779083818197	0.17693130672	0.0964512005448	0.0296897422522	0.0373904332519	0.000514185347129	0.00536509416997	0.0466242171824	0.010397345759	0.126741155982	0.0118307424709	0.131690323353	0.0195437576622	0.321974664927	0.0473157912493	0.0625208094716	4.69057321548	0.304370373487	0.0120246261358	0.08584856987	0.215253442526	0.00546101434156	0.792100012302	0.0311780292541	1.93630886078	0.536541461945	0.00156168302055	2.00092625618	0.283752679825	1.25006210804	0.432144314051	0.170761615038	0.410235077143	0.466173171997	1.61573684216	0.168552532792	0.753809273243	0.959662020206	0.362509191036	0.173310980201	0.63893032074	0.0405067801476	0.273248046637	0.0797227844596	0.760949194431	0.269337296486	1.45133054256	0.0118307424709	0.00032910972368	0.00202916469425	0.000418176088715	0.012087834999	0.0019457063172	0.962598919868	0.0200333800167	0.343954771757	0.000771277991589	0.17534302175	0.000229079319979	0.0463491939008	0.000162203767104	0.11660451442	0.000987329171039	0.0468180403113	0.00683814985678	0.000771277991589	0.0105392476544	0.0860126763582	0.0101374285296	0.210988119245	0.0203275457025	0.0312756001949	0.0183774586767	0.00806321483105	0.00104009814095	1.53827548027	0.326897621155	0.00151498196647	0.290718138218	1.00537967682	0.538938581944	0.00432752026245	0.0905029922724	0.000951823196374	0.0463083200157	0.0184438060969	0.242195948958	0.100034020841	0.00114350684453	0.00846437644213	0.259035199881	0.0916886776686	0.143819570541	0.0167412385345	0.522305727005	0.0109856333584	0.331754982471	0.421061873436	0.288935869932	0.0228203497827	0.0809669345617
BigHornSD.16S	1.47127962112	0.203995272517	0.00349206477404	0.149790376425	0.0437959171832	0.0493700616062	0.0276469942182	0.556225419044	0.513856768608	0.00326063577086	0.0555608682334	3.39365315437	0.0353750996292	0.0905065760016	0.000546065566596	0.212124213576	0.0787877812982	0.10002014786	0.141038298607	0.0456011742353	0.0583948008716	0.00124731252436	0.00588397495449	0.0517707616091	0.0148898195475	0.285223305225	0.0233187545091	0.207400709391	0.0427222140133	0.511410832405	0.0476136170328	0.103937357664	4.94527435303	0.452152967453	0.0142406597733	0.125932231545	0.323955535889	0.00420699734241	0.994637310505	0.0376093126833	2.85379576683	1.10673666	0.00318903313018	1.91819250584	0.317549973726	1.32381165028	0.412337124348	0.240248650312	0.659900844097	0.726798951626	2.17881274223	0.287204563618	0.998263418674	0.80494582653	0.48321813345	0.230994522572	0.729604780674	0.0556771159172	0.378442198038	0.0953082069755	0.848749697208	0.336855083704	2.07542872429	0.0234152600169	0.000422756100306	0.00289102899842	0.00088882248383	0.0240389164537	0.00321253295988	1.15062439442	0.0435595922172	0.408444046974	0.00196747528389	0.161363169551	0.000270451710094	0.0477886162698	0.000516648113262	0.179017007351	0.00126826833002	0.05727173388	0.00857135653496	0.00178250472527	0.00357954623178	0.136296331882	0.00688774464652	0.334391206503	0.0453452169895	0.0443682335317	0.0233833547682	0.0170341450721	0.00131562049501	1.51020872593	0.382209569216	0.00341124576516	0.367651343346	0.917901217937	0.85070335865	0.00993918906897	0.112994395196	0.00112239771988	0.0314700491726	0.0353670343757	0.237403705716	0.0947588607669	0.00230021052994	0.0100323567167	0.491863429546	0.181436151266	0.259482234716	0.022998707369	0.975390136242	0.0191703885794	0.351486384869	0.600468814373	0.651457428932	0.0451534353197	0.132899150252
BigHornW3.16S	1.07968449593	0.0871174260974	0.000842453213409	0.142880380154	0.020436597988	0.0260733496398	0.0114046232775	0.234538570046	0.170804992318	0.00132927473169	0.0204010121524	2.07396101952	0.0185952484608	0.0371544770896	0.0129509866238	0.213726967573	0.0535314232111	0.0546217299998	0.0604977048934	0.0141318291426	0.0393052771688	0.00125939759891	0.0350028499961	0.0740228891373	0.0709065422416	0.084602676332	0.0092507340014	0.168388843536	0.0265320800245	0.421574681997	0.0242113769054	0.12746784091	5.99777793884	0.156584352255	0.00598444137722	0.267902046442	0.319131851196	0.00190329900943	0.445617467165	0.0512333139777	1.60087931156	0.5741725564	0.00133765244391	1.73972153664	0.126390948892	1.11052882671	0.204804137349	0.254353672266	0.30871912837	0.407379925251	1.87507140636	0.330511629581	0.712506055832	0.876220285892	0.352629929781	0.125784084201	0.605866491795	0.021465530619	0.402264744043	0.121579177678	0.55035763979	0.542957365513	1.77607965469	0.00957467313856	0.000188310892554	0.00164152309299	0.000357699173037	0.0102043719962	0.0140240844339	0.895309746265	0.0214664898813	0.524146735668	0.00599232502282	0.14047510922	9.4155446277e-05	0.0237236041576	0.00012255749607	0.179588258266	0.000564932648558	0.0239386800677	0.103714540601	0.000768531579524	0.00851718895137	0.0966571643949	0.0114749381319	0.299590110779	0.0259157661349	0.0297256875783	0.0150692826137	0.00774395978078	0.000555096426979	0.71389824152	0.265497684479	0.00279535981826	0.327767461538	0.976342618465	0.353230893612	0.00313407997601	0.0835328176618	0.000470777216833	0.0303658358753	0.0116135589778	0.116274289787	0.0818605422974	0.000979953212664	0.00421174429357	0.161781966686	0.0704162120819	0.102743364871	0.00746575789526	0.404432564974	0.0136325685307	0.152486339211	0.290158361197	0.182430028915	0.0200231894851	0.0694530084729
BlackBr2.16S	3.2574505806	0.0167238153517	4.3896229727e-06	0.248619616032	0.0263182278723	0.0278135817498	0.0170832965523	0.0687920004129	0.106840111315	0.0221635177732	0.0104452855885	1.95792853832	0.00366209447384	0	0	0.0306019950658	0.00946949888021	0.0190988425165	0.00449876859784	0.00609086453915	0.00579618336633	0.00167712219991	0.00168472132646	0.00646839896217	0.00167712219991	0.0141462320462	4.3896229727e-06	0.458358347416	0.0128848273307	0.0379439145327	4.00791650463e-05	0.0123573830351	5.3651881218	0.0397553890944	0.00804946850985	0.0209294203669	0.129087328911	4.5327628868e-06	0.116617672145	0.00839474983513	0.845769762993	1.13645267487	7.5990433288e-06	1.39795362949	0.166282311082	1.36451470852	0.0210883952677	0.00517325941473	0.0808697491884	0.546494662762	0.487408071756	0.021277628839	0.281421244144	1.30040085316	0.501183450222	0.500595927238	0.588317871094	0.0429032929242	0.557253956795	0.0227103736252	0.302767544985	0.0477701984346	0.167753100395	0.000838417967316	0	6.67062704451e-05	0	0.00167697912548	0	0.213872864842	0.0109012946486	0.0261493790895	0.00251568341628	0.07396517694	0	2.63377369265e-05	0	0.00361678563058	0.00179442460649	0.00180106738117	0.00311382487416	0.0664905533195	8.9223858595e-06	0.0292309615761	4.3896229727e-06	0.0440828278661	0.0494827479124	0.00252474891022	0.0272641982883	0.443346351385	0	2.47380542755	0.0695741251111	0.00335424439982	0.0211041979492	0.879173517227	0.142827004194	0.0221635177732	0.22903509438	0.0011962831486	0.00421475386247	8.7792459453e-06	0.254254072905	0.374003112316	7.5990433288e-06	0.0463076159358	0.291943967342	0.0117702549323	0.00653421878815	0.00204801303335	0.355893015862	1.51980866576e-05	0.0663558840752	0.382245391607	0	0.110830754042	0.135290652514
BlackLemur.16S	3.02223515511	0.199169412255	0.000684426748194	0.204903632402	0.0106220161542	0.00635250238702	0.00231748539954	0.483055889606	0.8416005373	0.00936745572835	0.0392530634999	3.45153689384	0.00756059167907	0.0088965324685	0.000388199463487	0.232837408781	0.0541436336935	0.00840002112091	0.158619269729	0.0506271757185	0.0470892637968	0.000306997797452	0.00703671388328	0.0352808050811	0.0085361385718	0.07921808213	0.00591984670609	0.304371237755	0.0311554372311	0.341013759375	0.00804832950234	0.0454783625901	5.85778999329	0.225900575519	0.0299781020731	0.0888083130121	0.217495664954	0.00593055179343	0.829851210117	0.0164546966553	1.84609079361	1.20025634766	0.00023295142455	1.60450732708	0.392570883036	1.97839570045	0.237168610096	0.133295193315	0.595991313457	0.763856291771	1.55836176872	0.241373717785	0.834687054157	1.3529831171	0.559902608395	0.449475705624	0.746098458767	0.0358926802874	0.49302443862	0.0737372934818	0.991881251335	0.283988565207	1.4810436964	0.00603365153074	5.49018841411e-05	0.00106222578324	6.44190004095e-05	0.00618715025485	0.000581456464715	0.787770152092	0.00436765002087	0.447836101055	0.000612236035522	0.276382535696	2.5189925509e-05	0.00328313815407	2.5189925509e-05	0.17868642509	0.000164705648786	0.00836379732937	0.00366488914005	0.0275225955993	0.00278249941766	0.145109608769	0.000669707893394	0.147771820426	0.0265439674258	0.0676889419556	0.0395819805562	0.183880925179	0.000151139553054	1.9959936142	0.265380173922	0.000689565378707	0.299186974764	1.15173089504	0.644496381283	0.00956692826003	0.15409116447	0.000134993693791	0.00277086580172	0.00877665728331	0.388889461756	0.331778675318	0.000168532424141	0.0248824823648	0.456906408072	0.0873340889812	0.0775971636176	0.00252481573261	0.574897229671	0.00701705273241	0.255785405636	0.668838739395	0.402670830488	0.0537863448262	0.12229962647
BlackRhino1.16S	1.1396831274	0.376383513212	0.00491228234023	0.15002413094	0.0521331503987	0.0476124584675	0.0270865932107	0.789491832256	0.541431665421	0.00411857478321	0.0718672573566	3.719840765	0.0462189093232	0.124432131648	0.000649304129183	0.200535595417	0.0704338699579	0.0683492571115	0.310983389616	0.0627075657248	0.067675806582	0.00154779455625	0.0172450486571	0.0446599163115	0.0309011936188	0.232454791665	0.0300547555089	0.364250957966	0.0171071849763	0.765638113022	0.040944557637	0.0796068459749	5.80524682999	0.725491583347	0.0110991923138	0.147511258721	0.503820121288	0.0146501734853	0.928791046143	0.0635772123933	3.76110291481	1.64515936375	0.00414990959689	1.99278950691	0.772310435772	1.95829308033	0.603912651539	0.421707540751	1.05946207047	1.184933424	2.6636133194	0.450588524342	1.18857073784	0.953249454498	0.789173185825	0.389970779419	0.64051347971	0.0886418074369	0.297670841217	0.0910359621048	0.969562709332	0.318372011185	3.24600410461	0.0305832270533	0.000413738540374	0.00232013943605	0.00129052356351	0.0313571244478	0.00452087447047	1.48010933399	0.0573304444551	0.727828919888	0.00240977038629	0.317914754152	0.000215677122469	0.0333482250571	0.000818007916678	0.408870756626	0.00124121562112	0.0577429234982	0.0115459924564	0.000741012569051	0.00862184446305	0.250260174274	0.00470724655315	0.243087336421	0.0701795518398	0.126734092832	0.0165178924799	0.0076004685834	0.00123397679999	1.71468424797	0.612914383411	0.00529198301956	0.702555775642	1.03975939751	0.95801872015	0.0115520954132	0.144161790609	0.00105196202639	0.0216450747102	0.0445159859955	0.420086532831	0.335159510374	0.00285938614979	0.0192688535899	0.532404601574	0.30946034193	0.334555953741	0.0297910645604	1.98014855385	0.0355126261711	0.329875648022	0.955754339695	1.13918375969	0.0458915233612	0.24429911375
BushDog1.16S	1.15230989456	0.130465850234	0.00373956677504	0.282545685768	0.0386950597167	0.0468436740339	0.0176219772547	0.480789452791	0.266938686371	0.00370593834668	0.0300576388836	2.67981243134	0.0128292841837	0.0450766757131	0.00154116179328	0.352509349585	0.034587085247	0.12247402221	0.123439915478	0.0269000940025	0.0623835325241	0.000419049727498	0.0119441058487	0.0318590290844	0.0209011603147	0.182455375791	0.0054948059842	0.239168807864	0.107852391899	0.377162158489	0.137978613377	0.0709325671196	5.72480297089	0.440864264965	0.00615305872634	0.198851138353	0.48394960165	0.00436176965013	0.710018098354	0.0228109341115	2.65043354034	0.898201823235	0.00383992958814	1.50461935997	0.295750021935	1.74932610989	0.637033045292	0.198377534747	0.571106612682	0.670439422131	1.98310375214	0.20798355341	1.54487943649	0.902387797832	0.661463558674	0.237495064735	0.787225782871	0.0380133464932	0.569301664829	0.187052354217	0.746286451817	0.431274175644	2.08614873886	0.0054948059842	0.000415420887293	0.00200112676248	0.00116148195229	0.00570433121175	0.00502560753375	1.81103992462	0.0410999171436	0.39214065671	0.000628574576695	0.332880467176	0.000207710443647	0.143370732665	0.000206434095162	0.079455986619	0.00124626269098	0.110814027488	0.0134253548458	0.000664477818646	0.00118562567513	0.177975162864	0.03413490206	0.309927225113	0.0248145479709	0.0331403799355	0.0132778249681	0.00756072206423	0.00123988091946	1.60029661655	0.555754780769	0.00145740178414	0.397932499647	1.10514104366	0.611267149448	0.00592439994216	0.120877727866	0.00103855226189	0.163715019822	0.0124906990677	0.606124401093	0.256686538458	0.00267844763584	0.00447943247855	0.388226211071	0.1975954175	0.0869145095348	0.0478534437716	0.548918962479	0.0173046011478	0.549092948437	0.653537988663	0.34302765131	0.0161371566355	0.105336271226
Callimicos.16S	1.35448873043	0.346536040306	9.93623252725e-05	0.00843131449074	0.0215721651912	0.00709233945236	0.00263051083311	0.297496378422	0.238498315215	0.000159510891535	0.0197284799069	2.56328606606	0.000530582328793	0.0188863687217	0.000796723237727	0.0228432808071	0.00492684962228	0.0356216579676	0.373405992985	0.0173737499863	0.00288147549145	0.000114514128654	0.018732342869	0.0614859573543	0.0208706576377	0.0424645766616	8.118050755e-05	0.271209806204	0.0495994575322	0.508350670338	0.0193698145449	0.00883479043841	5.01489973068	0.361733645201	0.000413034285884	0.176366120577	0.282812416553	0.0168435648084	0.490534573793	0.0388069413602	1.96473860741	0.913658440113	0.00688431784511	1.30798316002	0.65908408165	2.67506074905	0.395552456379	0.301692634821	0.87304008007	0.747276484966	1.87233924866	0.401454269886	0.954005122185	0.937295019627	0.380212068558	0.434418588877	0.777278065681	0.0542638152838	0.128940135241	0.0872906818986	1.01285552979	0.303441941738	2.50450396538	8.118050755e-05	5.50964177819e-05	0.000305466091959	3.03891192743e-05	0.000138437564601	0.000887890579179	1.0627733469	0.0021359170787	0.781927645206	0.000171771185705	0.356603503227	3.62894679711e-05	0.00281170732342	3.03891192743e-05	0.419490039349	0.000179063354153	0.0958086699247	0.00630157161504	0.000205030606594	0.000138437564601	0.159126937389	0.000675399263855	0.442047417164	0.0183027535677	0.163500070572	0.0765669047832	0.0490906946361	0.000174030516064	2.06296753883	0.457188367844	0.000311672891257	0.399741619825	0.577856004238	0.293064594269	0.000365446991054	0.260425329208	0.000164406301337	0.00103309692349	0.000268869276624	0.307317405939	0.375966697931	0.0068539287895	0.0171916149557	0.18847194314	0.138036549091	0.0841376706958	0.000748221704271	1.0915658474	0.0310908015817	0.150599002838	0.669832289219	1.00540423393	0.00185374822468	0.140999794006
Capybara.16S	0.978178739548	0.346247106791	0.00181711197365	0.0738233551383	0.0714429691434	0.0736074522138	0.0300092473626	0.875027000904	0.545240998268	0.00730104092509	0.065380372107	3.4898750782	0.0187014397234	0.133990809321	0.00129815854598	0.123826570809	0.0492093898356	0.0740816444159	0.396486759186	0.063328050077	0.0943007171154	0.000871622993145	0.0212084781379	0.0450416170061	0.0453597269952	0.207720413804	0.00778437452391	0.394006043673	0.0221602339298	0.817653417587	0.0796048343182	0.0635400563478	5.36526679993	0.790089607239	0.00677278451622	0.15076161921	0.634509503841	0.0169184356928	0.995785415173	0.0595417767763	3.94346880913	1.74886715412	0.00729516707361	2.00316977501	0.830590009689	1.9111739397	0.656535506248	0.444987893105	1.26414322853	1.26186752319	2.81866121292	0.479973047972	1.19111633301	0.976823329926	0.800244212151	0.481561839581	0.674977600574	0.102970220149	0.311437487602	0.101083427668	0.939623236656	0.29181471467	3.69788694382	0.00778437452391	0.000593195261899	0.00394946709275	0.00227158609778	0.00822018645704	0.00811291672289	1.63969528675	0.0808921381831	0.768201291561	0.00130743440241	0.402704834938	0.000286319555016	0.0721815600991	0.000491157348733	0.43533423543	0.00177958584391	0.0607779026031	0.0136596057564	0.00145884824451	0.00218466273509	0.270841777325	0.0137081472203	0.290478497744	0.0823238492012	0.139323979616	0.0165806375444	0.0143959522247	0.0017074450152	1.71709179878	0.55806517601	0.00518257403746	0.806276381016	0.997081637383	0.931182801723	0.0132348425686	0.139104768634	0.00147271016613	0.0616452246904	0.0151915661991	0.357435017824	0.384757429361	0.00502358097583	0.0324551202357	0.583658397198	0.315218389034	0.166901826859	0.0276892594993	2.06685161591	0.0467291288078	0.299483925104	1.02352619171	1.32592022419	0.0251744929701	0.321970194578
Chimp1.16S	1.70447921753	0.28401273489	0.0023559415713	0.185933828354	0.0340903662145	0.0348812900484	0.0116723999381	0.45263287425	0.501463651657	0.00128963100724	0.0504679344594	3.21719932556	0.0424514487386	0.0276700928807	0.000419684220105	0.322439610958	0.0624948628247	0.0533526279032	0.195617720485	0.0352182909846	0.0359292924404	0.00037457770668	0.00871500466019	0.0434605404735	0.0119759840891	0.140371665359	0.0381671711802	0.168791487813	0.0219541713595	0.455998510122	0.0273955538869	0.134190782905	5.67055177689	0.35360211134	0.0152694834396	0.0919783338904	0.26376876235	0.00822121091187	0.75364357233	0.0372890383005	2.49867033958	0.883986055851	0.00103715260047	1.78507769108	0.435619920492	2.00762891769	0.413860291243	0.273838579655	0.659246444702	0.679758489132	2.0503077507	0.278541684151	0.986110568047	0.918442845345	0.505789160728	0.281948298216	0.67356723547	0.0508717745543	0.270504057407	0.0791079550982	0.940723061562	0.314873546362	2.03333497047	0.0381671711802	0.000267821538728	0.00231432169676	0.00027793017216	0.03835446015	0.00125347473659	1.21007883549	0.0132907768711	0.545647323132	0.000640557147563	0.339845001698	0.000131565684569	0.0239508282393	0.000131565684569	0.212980031967	0.000803464616183	0.0576834157109	0.00454292772338	0.00136752123944	0.00231416919269	0.146945551038	0.00466897431761	0.176887005568	0.0165843702853	0.0798045545816	0.0194304119796	0.0110588483512	0.000789394136518	1.53184628487	0.517674326897	0.00114385248162	0.322639018297	1.13973784447	0.540243327618	0.00250454433262	0.153598845005	0.000667208747473	0.0206560324878	0.041697435081	0.379533350468	0.205432906747	0.000759222370107	0.0116690862924	0.267877936363	0.140703111887	0.351081192493	0.0104249184951	0.654893636703	0.012247026898	0.441366195679	0.635323345661	0.522249162197	0.0481741800904	0.0994103327394
Chimp2.16S	2.07779765129	0.185022875667	0.00329390633851	0.152453646064	0.0520760342479	0.0723016560078	0.0224305726588	0.496545732021	0.32944560051	0.00148011860438	0.0470703020692	3.08743834496	0.0362429022789	0.0301127675921	0.000675094313919	0.334212899208	0.148198902607	0.0863150507212	0.119984775782	0.0254720617086	0.0321689806879	0.000921745027881	0.00733368471265	0.0609701052308	0.0117132263258	0.14544968307	0.0293273515999	0.147350236773	0.0237243063748	0.364923685789	0.0329912044108	0.111452363431	5.34058380127	0.473966151476	0.0111093185842	0.105725236237	0.242268666625	0.00654327543452	0.64679479599	0.0417471975088	2.5658364296	0.682459235191	0.00150487280916	1.74349939823	0.321230620146	1.60616326332	0.348693937063	0.248868003488	0.550748586655	0.532473087311	2.05463576317	0.188190788031	0.900919377804	0.789396107197	0.517790198326	0.205260306597	0.641420543194	0.0568939633667	0.32305714488	0.101655237377	1.05727946758	0.337529420853	1.73666214943	0.0294469967484	0.000523111957591	0.00716144451872	0.000379630626412	0.0299078691751	0.00181398622226	0.996630549431	0.0224149357527	0.425467789173	0.00142249942292	0.305148422718	0.00025442475453	0.0362684987485	0.000272371631581	0.115470342338	0.00156933581457	0.0607801601291	0.00802945066243	0.00102367997169	0.0719434469938	0.117797344923	0.00529822148383	0.21072627604	0.0188714377582	0.0326875001192	0.021356407553	0.0104100797325	0.0015265486436	1.28590047359	0.442433863878	0.00260676443577	0.311251312494	1.09202504158	0.592164158821	0.00359490234405	0.137620478868	0.00130064866971	0.0219878088683	0.0339727662504	0.326540380716	0.132438153028	0.00112524221186	0.010634360835	0.343235552311	0.114818632603	0.284485757351	0.014579270035	0.488252490759	0.0118790473789	0.478457301855	0.460520923138	0.281622111797	0.0448142550886	0.0820687785745
Colobus.16S	1.36225020885	0.242801532149	0.00479247467592	0.186627849936	0.0776084885001	0.0977891385555	0.0362476967275	0.554876863956	0.376483649015	0.00389587134123	0.0650944262743	2.97597551346	0.0413604937494	0.0656775087118	0.000786651333328	0.218465059996	0.0795134902	0.0960193052888	0.199299573898	0.0427704825997	0.0578282475471	0.000903199834283	0.00930407457054	0.0578375533223	0.0212191976607	0.191408813	0.0306873992085	0.211852878332	0.0234735198319	0.508519232273	0.0386474952102	0.0872155055404	5.28277397156	0.462438374758	0.00895346421748	0.119401365519	0.320601046085	0.00893837492913	0.826553404331	0.0547379367054	2.73401355743	0.99970048666	0.00396736292169	2.03121805191	0.452984809875	1.51846385002	0.398586124182	0.287025660276	0.703892886639	0.762718498707	2.09068036079	0.294133007526	1.0267970562	0.852743029594	0.607372939587	0.263217359781	0.631951332092	0.0835761502385	0.336347132921	0.107536539435	0.90759563446	0.361643463373	2.33143496513	0.0306873992085	0.000799762608949	0.0113956462592	0.00115279166494	0.0311389993876	0.00424502650276	1.17000591755	0.0485987178981	0.483424574137	0.00135479972232	0.233845964074	0.000381574413041	0.0430803187191	0.000447884987807	0.187550127506	0.00239928788505	0.0597789399326	0.00985637586564	0.00131248845719	0.00637512048706	0.161868020892	0.00705673824996	0.278463304043	0.038558896631	0.0611435398459	0.0195639189333	0.0136253247038	0.00227545690723	1.47767448425	0.465009957552	0.00386417587288	0.388740688562	0.963816285133	0.6954626441	0.00794371590018	0.149548083544	0.00198109960183	0.0277605056763	0.0383801981807	0.320899963379	0.18073092401	0.00281457114033	0.015061756596	0.393774539232	0.187479674816	0.316245764494	0.0266987774521	0.945941567421	0.0234254151583	0.359122753143	0.688756346703	0.577999949455	0.0489873401821	0.158493071795
Gazelle3.16S	1.25389862061	0.253167510033	0.00314165698364	0.202234089375	0.0535072237253	0.0515502095222	0.0346901528537	0.679800987244	0.647187650204	0.00456224055961	0.0767274051905	3.77275776863	0.0425694845617	0.18695294857	0.000490877951961	0.202066138387	0.0653878897429	0.0953937470913	0.17351976037	0.0608014278114	0.0815737769008	0.000948948902078	0.00537587003782	0.0455624163151	0.0186047013849	0.323930978775	0.0266578607261	0.263501822948	0.0274812281132	0.689003229141	0.0360905863345	0.0936030447483	5.01363658905	0.562689781189	0.0120669789612	0.15966193378	0.435253381729	0.00339822866954	1.03511464596	0.0297247953713	3.62473130226	1.57417678833	0.0045041446574	2.06981635094	0.329710125923	1.23488092422	0.491694271564	0.277875989676	0.85647135973	0.98872590065	2.43965482712	0.395360201597	1.0930659771	0.826535224915	0.653667211533	0.27847391367	0.797222971916	0.0682617127895	0.361165612936	0.0969706177711	0.797082185745	0.352259218693	2.7603597641	0.0266578607261	0.000401009368943	0.00506810797378	0.00134672957938	0.0271323341876	0.00453106686473	1.30290710926	0.0577234327793	0.46737703681	0.00146176398266	0.147239550948	0.000238034743234	0.0453186258674	0.000461331976112	0.240617379546	0.00120302813593	0.0630289241672	0.0074047120288	0.00156615581363	0.00290106399916	0.161219656467	0.00689554633573	0.324125409126	0.070769533515	0.0578408762813	0.0206569693983	0.0150276459754	0.00122913217638	1.56914484501	0.380160212517	0.0055981464684	0.510894477367	0.95207041502	1.12727892399	0.0148008745164	0.116702668369	0.0010798687581	0.0312758535147	0.0392842330039	0.309251666069	0.0873119533062	0.00315741496161	0.00762994587421	0.552188456059	0.259442001581	0.298306673765	0.0288235247135	1.60767054558	0.0275172237307	0.322903990746	0.799317121506	0.922178268433	0.0439535528421	0.182320043445
Giraffe2.16S	2.09608530998	0.333056807518	0.00444995984435	0.213717475533	0.0469592437148	0.0453151799738	0.0295996945351	0.809269726276	0.878034472466	0.00163646531291	0.0659812167287	4.59574699402	0.0774864405394	0.0958132520318	0.000364796404028	0.302676677704	0.144196987152	0.117048740387	0.137624651194	0.0531104691327	0.0593907721341	0.0250981356949	0.028786920011	0.0924653187394	0.0333931967616	0.220368310809	0.0189982187003	0.213911339641	0.0688519179821	0.586661338806	0.0300997905433	0.192806243896	5.67599248886	0.486773133278	0.0854428261518	0.161155387759	0.344900250435	0.00485531799495	1.31401693821	0.039809115231	2.87106060982	0.915659546852	0.00164055125788	1.93411302567	0.293894290924	1.5408782959	0.56822937727	0.249817728996	0.607691824436	0.83451294899	2.29893636703	0.37707683444	1.1688426733	1.17653024197	0.572726547718	0.263471513987	0.77475720644	0.0582548268139	0.533927440643	0.202509015799	1.14579284191	0.55416238308	2.58080267906	0.0301992986351	0.000322179723298	0.00384624372236	0.000453659537016	0.0427483655512	0.00172577495687	1.38416028023	0.188001528382	0.499471396208	0.037827141583	0.196793079376	0.000207804288948	0.0391566306353	0.000373640476027	0.169869408011	0.00118737097364	0.0713190436363	0.042561493814	0.000826460076496	0.00487162265927	0.126556560397	0.00447367411107	0.33042255044	0.103760011494	0.0675287544727	0.0437321849167	0.00826357956976	0.00303754513152	1.65786993504	0.886376082897	0.0514892563224	0.39980083704	1.02590167522	1.14399516582	0.00568060996011	0.142121404409	0.00104609935079	0.0806927159429	0.0266197659075	0.337633401155	0.115859366953	0.00118689180817	0.0336343050003	0.552821934223	0.143154814839	0.28829446435	0.0325874574482	0.700839698315	0.0126754520461	0.416388452053	0.816059708595	0.377075850964	0.0422729961574	0.10078009218
GorillaSTL.16S	1.35346698761	0.224606707692	0.00211927643977	0.136631369591	0.049437597394	0.0575651340187	0.0221835765988	0.563728392124	0.431666702032	0.00317001226358	0.0417194366455	3.1263551712	0.0271962098777	0.0607035532594	0.00102568673901	0.276469051838	0.0624424219131	0.0598873719573	0.198326945305	0.0393834002316	0.0527266412973	0.00054589251522	0.00997711904347	0.0410444140434	0.0211030729115	0.15614387393	0.0205073207617	0.187143757939	0.0202622041106	0.478851020336	0.0412721894681	0.118722245097	5.11089754105	0.432343870401	0.010484078899	0.0991280600429	0.330769211054	0.00815463531762	0.719606637955	0.036775931716	2.798132658	0.910686433315	0.00315321004018	1.7395118475	0.413901507854	1.73110616207	0.42337885499	0.254914045334	0.770104587078	0.726483762264	2.07716464996	0.283009022474	0.968103528023	0.801043689251	0.527885079384	0.269979089499	0.597248733044	0.0639345273376	0.265595555305	0.0808700695634	0.86846780777	0.302630186081	2.19684457779	0.0205073207617	0.000480615446577	0.0113280676305	0.000954614486545	0.0207802671939	0.00388953019865	1.19367730618	0.0372068285942	0.481931298971	0.000924658845179	0.311550498009	0.000237154148636	0.0391041375697	0.000237154148636	0.206495806575	0.00144184636883	0.0554965734482	0.0100107491016	0.000918506528251	0.0150130707771	0.149454250932	0.00794622674584	0.214570075274	0.0323110856116	0.0704557746649	0.0169005021453	0.0117058772594	0.00142292492092	1.39478635788	0.436314821243	0.00180324737448	0.399087607861	1.06698262691	0.611668646336	0.00629571499303	0.125265970826	0.00119838502724	0.0338628515601	0.0288503598422	0.272240698338	0.178578227758	0.00219859555364	0.0109184421599	0.388310939074	0.162024080753	0.221757337451	0.0163153391331	0.882954061031	0.0223695337772	0.363163262606	0.628067791462	0.599725604057	0.0320218168199	0.141662880778
Horse1.16S	1.17634832859	0.297894120216	0.00308603025042	0.109409697354	0.087172806263	0.157981336117	0.0363555513322	0.861883103848	0.593272387981	0.00651691434905	0.105390526354	3.79492878914	0.0254144407809	0.146399080753	0.00228581880219	0.185970887542	0.0685092061758	0.082217335701	0.318497002125	0.0670549497008	0.102732121944	0.00100097456016	0.0164952110499	0.0635102316737	0.0395151004195	0.217631265521	0.00950713735074	0.327064841986	0.0343167856336	0.770624399185	0.0603413321078	0.0772740989923	5.21758842468	0.612609624863	0.0111640077084	0.194451272488	0.512739598751	0.0115503743291	0.982849895954	0.0586069412529	3.67719888687	1.46993076801	0.0065439385362	2.15870118141	0.587100207806	1.47518742085	0.433999210596	0.31421995163	1.08657705784	1.10183596611	2.6387860775	0.477827340364	1.18221747875	0.948233246803	0.716142356396	0.374627560377	0.702999889851	0.0860482081771	0.398362487555	0.113237902522	0.924581050873	0.367302268744	3.39097046852	0.00950713735074	0.000998744857498	0.00513634085655	0.00204546027817	0.0100076254457	0.0084221996367	1.15418708324	0.0780242457986	0.70707988739	0.00306885992177	0.251662880182	0.000464370183181	0.0531464889646	0.000385247723898	0.319100737572	0.00182068604045	0.0361825712025	0.0223885271698	0.00114159996156	0.00504419766366	0.226762264967	0.0104746064171	0.31318089366	0.0789634659886	0.113537140191	0.0290850736201	0.0116051686928	0.00182732508983	1.5539368391	0.418198525906	0.00595451844856	0.652531087399	0.932025253773	1.04796361923	0.01527741272	0.134133398533	0.00178600323852	0.0410908944905	0.0198043994606	0.284489512444	0.195850998163	0.0044984780252	0.0174341220409	0.592231929302	0.272528171539	0.171099737287	0.0314099080861	1.74934089184	0.0392774753273	0.291600972414	0.866275429726	1.04818558693	0.0326170213521	0.257221072912
Hyena2.16S	1.54654824734	0.205096870661	0.00433565722778	0.302006185055	0.0730042085052	0.0981484726071	0.0371964387596	0.656486213207	0.478626430035	0.00529196951538	0.101821124554	3.23577928543	0.0239789169282	0.0689573064446	0.00175286747981	0.3220076859	0.101430743933	0.114198848605	0.211651772261	0.0442804060876	0.0785290375352	0.0027514109388	0.0104450974613	0.0650069341063	0.0298648569733	0.178568974137	0.00978908780962	0.229862272739	0.0445556715131	0.492226183414	0.037088572979	0.092833802104	5.73112869263	0.440719306469	0.0167839825153	0.142768889666	0.348003894091	0.00898877251893	0.945488512516	0.0455356054008	3.10359382629	1.0541986227	0.00527620315552	2.1516764164	0.315018802881	1.37896740437	0.293749570847	0.195687621832	0.787803828716	0.842992126942	2.16259288788	0.37411865592	1.13213527203	1.08247637749	0.671624183655	0.264548957348	0.747409343719	0.0749347135425	0.511078476906	0.141639903188	0.969697713852	0.439955741167	2.78293681145	0.010467053391	0.00081548304297	0.00370647222735	0.00164606689941	0.0118427593261	0.00669106841087	1.00595664978	0.0731992349029	0.47822317481	0.00420244596899	0.281935632229	0.000379075616365	0.0444899350405	0.000352348084561	0.130563542247	0.00248753791675	0.0371861644089	0.0196018703282	0.00106130668428	0.00604238267988	0.14660808444	0.00799056794494	0.326125711203	0.0440654568374	0.0618199370801	0.0214076675475	0.010455400683	0.00201369752176	1.63436305523	0.350416511297	0.00648359488696	0.42133846879	1.06174647808	0.840151965618	0.00902363657951	0.13295866549	0.00208958541043	0.0346563570201	0.0203650295734	0.414146244526	0.143499404192	0.00363013613969	0.0124202454463	0.581936180592	0.212865620852	0.15824650228	0.0678176134825	0.749658286572	0.0250452142209	0.331515371799	0.827334523201	0.529314517975	0.0270856227726	0.164754733443
HyraxSD.16S	1.23033607006	0.376809448004	0.0032023594249	0.124073669314	0.0926920473576	0.0745948702097	0.0330588184297	1.04607987404	0.664901316166	0.00882254913449	0.0853877663612	3.98914575577	0.0347379520535	0.300502955914	0.00062650302425	0.175196379423	0.070812292397	0.0714481398463	0.410136163235	0.0715909451246	0.112001590431	0.00158283649944	0.0153676206246	0.0664278417826	0.0417526997626	0.358748883009	0.0206112843007	0.358817756176	0.0247773602605	0.874623715878	0.0470910966396	0.0908761024475	5.53970766068	0.787228345871	0.0115720452741	0.153808668256	0.665655016899	0.0122135123238	1.09809279442	0.049581348896	4.60328674316	2.31086850166	0.00855286885053	1.99613749981	0.677074253559	1.68372869492	0.550539076328	0.426335722208	1.38368439674	1.45472609997	3.05266880989	0.478771001101	1.3702903986	0.948816597462	1.02553832531	0.532182276249	0.819253325462	0.128006592393	0.40222209692	0.147313997149	0.992987334728	0.399604439735	3.88668298721	0.0210149977356	0.000577702710871	0.00409184256569	0.0026108964812	0.0218064151704	0.00845919270068	1.46959674358	0.112798735499	0.737845003605	0.00237425486557	0.310968548059	0.000325945904478	0.0547863095999	0.000298643426504	0.407430708408	0.00178204325493	0.0515728779137	0.00880551151931	0.00115286372602	0.00572513462976	0.275934815407	0.00603247666731	0.357457011938	0.0729322806001	0.131520092487	0.0190512482077	0.0116717536002	0.00578060839325	1.66651988029	0.495852559805	0.0435801744461	0.791613817215	1.02411651611	1.21378982067	0.0171974934638	0.149846330285	0.00155641650781	0.0264052450657	0.0293515939265	0.374502360821	0.262264698744	0.00563918612897	0.0186337064952	0.734463393688	0.40230178833	0.270805418491	0.0361986234784	2.06408643723	0.0486875846982	0.306991636753	1.12437176704	1.40695750713	0.0409286469221	0.31186658144
HyraxSTL.16S	1.0310844183	0.451465189457	0.00233161798678	0.120558805764	0.0877187848091	0.0630703493953	0.0218623820692	1.02145814896	0.614048421383	0.00703219510615	0.101562455297	3.45132708549	0.0366975553334	0.12788619101	0.00050770433154	0.140938237309	0.100380405784	0.0577834062278	0.482008993626	0.0664984732866	0.100945606828	0.00146518950351	0.02079924196	0.0540817305446	0.0445343777537	0.234794661403	0.0246189758182	0.398355394602	0.0196116212755	0.894047021866	0.0443058684468	0.0748197212815	5.45577383041	0.80736374855	0.00918117631227	0.148197725415	0.57124787569	0.0173219777644	0.986500561237	0.0589112043381	4.22173118591	1.84378015995	0.00735670514405	1.94179809093	0.881296813488	1.9821472168	0.58141040802	0.466182857752	1.41235327721	1.35396468639	2.89048528671	0.545277774334	1.27416467667	0.965602874756	0.860937416553	0.478931307793	0.632579386234	0.0927808135748	0.316838383675	0.094157576561	0.988798439503	0.327410668135	4.09231567383	0.0250281412154	0.000421564240241	0.00423008948565	0.0022390387021	0.0257607363164	0.0072248200886	1.42908120155	0.093242585659	0.807890534401	0.00219778437167	0.360185354948	0.000210782120121	0.0586712807417	0.000272156932624	0.462096333504	0.00126469274983	0.0485244430602	0.00747283641249	0.000945237465203	0.00400678068399	0.295298606157	0.00369046442211	0.301543265581	0.0782572627068	0.160419151187	0.0226106960326	0.0182023979723	0.00126469274983	1.76947426796	0.561882555485	0.00356272538193	0.80166810751	0.913022339344	1.03092956543	0.0134695796296	0.171897575259	0.00105391058605	0.0166303925216	0.0352106243372	0.40751516819	0.379463046789	0.00634516263381	0.0214255135506	0.691970407963	0.351006478071	0.311012357473	0.0294289384037	2.17455482483	0.0486746653914	0.260406762362	1.12113332748	1.48428583145	0.0421863086522	0.349947392941
Kroo3.16S	1.53415095806	0.288823366165	0.0030572284013	0.165445953608	0.135843679309	0.16927434504	0.06429990381	0.784129500389	0.469781190157	0.00698484666646	0.108640797436	3.47262382507	0.0310849696398	0.120849914849	0.000475591601571	0.167836531997	0.056673116982	0.125212594867	0.302366912365	0.0569070875645	0.0881020799279	0.00124524906278	0.0119421035051	0.0493916757405	0.0332967415452	0.206408560276	0.018342088908	0.289752066135	0.026063574478	0.659383714199	0.0502713657916	0.0769195109606	5.28416109085	0.585987627506	0.00833811704069	0.159533292055	0.459547579288	0.0115080978721	0.958816289902	0.0813269019127	3.45287108421	1.4673115015	0.00698768021539	2.44508576393	0.636080563068	1.42664396763	0.451533734798	0.30752491951	1.03471374512	1.01426386833	2.45030903816	0.41176828742	1.10570430756	0.979470908642	0.728287041187	0.36654445529	0.654041588306	0.145626693964	0.357354849577	0.0985509380698	0.991411328316	0.328433424234	3.06097817421	0.0184356700629	0.00155432650354	0.0041321888566	0.00214965175837	0.0190582945943	0.00692454678938	1.14942836761	0.0786917284131	0.546456217766	0.00186787347775	0.242001101375	0.000296785554383	0.0522026754916	0.000264392321697	0.265237987041	0.0046629793942	0.0454821623862	0.00778358057141	0.00160767440684	0.00272851716727	0.233709037304	0.008380276151	0.315445959568	0.0634590685368	0.0964519456029	0.0195840541273	0.0160760357976	0.00133800599724	1.72719323635	0.396661639214	0.00479967705905	0.568614244461	0.927873969078	0.884422540665	0.0124403284863	0.180565282702	0.00349398003891	0.0330860391259	0.0258759018034	0.354963809252	0.199297457933	0.00483802845702	0.0155548006296	0.544936835766	0.278780162334	0.248548597097	0.0319782309234	1.51512908936	0.0375053659081	0.265555679798	0.860998570919	0.945777654648	0.0352226383984	0.24121530354
Lion1.16S	1.33375155926	0.0475895404816	0.00418736599386	0.238467201591	0.0471599586308	0.0549168027937	0.0262402109802	0.234937697649	0.170212626457	0.00163177086506	0.022950289771	2.07488679886	0.00705904141068	0.0250921398401	0.00624042609707	0.291864484549	0.0976417139173	0.0580573603511	0.0711339041591	0.0159870814532	0.0332147032022	0.000270363874733	0.0168775357306	0.0679239183664	0.0380185171962	0.0885753557086	0.000829128723126	0.264452636242	0.0544713698328	0.276174038649	0.0182576142251	0.0617035999894	5.67059850693	0.251668155193	0.00476482929662	0.217507705092	0.199079588056	0.00226910994388	0.476333171129	0.0388064645231	2.01409554482	0.594438135624	0.00466305762529	1.38492286205	0.167690068483	1.527348876	0.126232743263	0.142681494355	0.274001926184	0.526367723942	1.59976530075	0.213790714741	0.960272967815	1.10755205154	0.444066524506	0.137304663658	0.742563068867	0.0611834675074	0.600876510143	0.108331754804	0.676195502281	0.437000840902	1.47215878963	0.000829128723126	0.000251603050856	0.0025236220099	0.000487039535074	0.000964310660493	0.00770154455677	0.577490150928	0.0187713075429	0.32944342494	0.000405545782996	0.232606768608	0.000125801525428	0.0216553993523	0.000125801525428	0.0849577412009	0.00241163093597	0.0576289892197	0.0485145300627	0.000511956983246	0.000700179603882	0.0986466929317	0.00719951046631	0.407833665609	0.0158081036061	0.0156584456563	0.0452187247574	0.0262516047806	0.000754809181672	1.24652445316	0.133108273149	0.000918132311199	0.353451311588	0.766594171524	0.393345624208	0.00274781812914	0.123654045165	0.00173355545849	0.0185563657433	0.00611531594768	0.297135740519	0.209474742413	0.00417601782829	0.00335861812346	0.561488866806	0.0778824165463	0.0273895207793	0.136337116361	0.284157752991	0.0176893677562	0.137653127313	0.502340018749	0.152463972569	0.0116638848558	0.0623058155179
Lion2.16S	0.917099118233	0.541901826859	0.00103828450665	0.0867205411196	0.107705384493	0.0897036716342	0.0632506236434	2.23981547356	0.980080485344	0.0270947758108	0.0569982379675	3.90473246574	0.0223090853542	0.301443338394	0.0010470013367	0.201540410519	0.0922119542956	0.137800753117	0.875374853611	0.141722902656	0.312082350254	0.000583473127335	0.0161134488881	0.0779678002	0.104802593589	0.334078580141	0.000522325455677	0.500733792782	0.0215709935874	1.52129781246	0.131069988012	0.082034766674	5.38134384155	1.40147936344	0.00458738487214	0.211487293243	1.16477370262	0.00445365719497	1.49122560024	0.0285050906241	7.70276069641	2.84172177315	0.0271041244268	2.10384750366	0.683131873608	1.32947266102	0.827611505985	0.499101102352	2.94694399834	2.02967882156	4.73212051392	0.926202356815	2.17269587517	1.26656496525	1.37743937969	0.860479295254	1.10827732086	0.141321718693	0.531139373779	0.126528859138	0.845013737679	0.519814312458	7.30974578857	0.000703091907781	0.000167905600392	0.00940940342844	0.00899563264102	0.000994828413241	0.0280338991433	2.39252543449	0.275092363358	1.06253194809	0.000995720620267	0.477373629808	8.39528001961e-05	0.184159189463	8.39528001961e-05	0.32993042469	0.00617106631398	0.0970611944795	0.0103055629879	0.00032363331411	0.000753806496505	0.420160591602	0.0263002924621	0.483365833759	0.156574979424	0.238158047199	0.00736031867564	0.00330178299919	0.000503716815729	1.52146971226	0.415258258581	0.00141880463343	1.37952411175	1.06785476208	2.06562685966	0.036513786763	0.205821141601	0.00281867058948	0.128784090281	0.0140308598056	0.294765114784	0.16496039927	0.0181084927171	0.00305200158618	1.58680403233	0.648348689079	0.164757996798	0.108606487513	3.33010411263	0.109496891499	0.417404145002	1.9242181778	2.37860441208	0.0305139329284	0.642404258251
Okapi1.16S	1.44007003307	0.348746031523	0.00348254549317	0.166036620736	0.0456181392074	0.0655751079321	0.0271135270596	0.889189362526	0.769539892673	0.00528842536733	0.0572527125478	4.19184970856	0.0622257813811	0.147318154573	0.000431843393017	0.204148203135	0.0955385491252	0.10428006947	0.236374437809	0.0588642247021	0.0902232080698	0.0139626534656	0.0199985038489	0.0878611877561	0.0361861176789	0.310969889164	0.0228582825512	0.268776357174	0.0361445173621	0.744222581387	0.0424149222672	0.154947474599	5.36371660233	0.638150632381	0.0464109629393	0.152278035879	0.515925824642	0.00510970037431	1.20630633831	0.0332349985838	3.77769351006	1.48520839214	0.00526357674971	2.02580904961	0.387918710709	1.37844586372	0.60586899519	0.32387599349	1.00282168388	1.01474773884	2.62990617752	0.470011472702	1.14803314209	1.00308692455	0.702144682407	0.343182355165	0.813459873199	0.0655054301023	0.392093151808	0.123657502234	0.938466668129	0.424584507942	3.1494743824	0.0292976778001	0.000371361442376	0.00367407035083	0.00161120016128	0.0362790040672	0.00526544405147	1.48069131374	0.14652132988	0.561998009682	0.0209755469114	0.209641635418	0.000201889677555	0.0508204437792	0.000716258131433	0.26439589262	0.00111408438534	0.0737184286118	0.0277483873069	0.0013644748833	0.00390053214505	0.165059819818	0.00727393291891	0.339549154043	0.0994499325752	0.0878589972854	0.0300064459443	0.0133668705821	0.00110207230318	1.56359577179	0.702415347099	0.0304540544748	0.527443468571	0.999754309654	1.18320715427	0.0122271832079	0.137214794755	0.000966465682723	0.0663525536656	0.0329361557961	0.316306293011	0.129402905703	0.0036523763556	0.0221439469606	0.69151955843	0.251121759415	0.316059976816	0.0346884280443	1.42165672779	0.0289976913482	0.341856092215	0.910218715668	0.919738709927	0.0429859235883	0.209432303905
Okapi2.16S	1.66929161549	0.398973375559	0.00267658568919	0.170002937317	0.0466716103256	0.046363864094	0.0262313447893	0.977079808712	1.0277043581	0.00321470550261	0.0624487996101	4.74201250076	0.0831800624728	0.120181664824	0.000365419808077	0.242995843291	0.127603918314	0.102228663862	0.198601394892	0.069085419178	0.0826813876629	0.0261073242873	0.0320393368602	0.0904580429196	0.0410979576409	0.241194859147	0.0214751511812	0.245135828853	0.0513517856598	0.757794141769	0.0271183047444	0.195202261209	5.40062093735	0.593600034714	0.0896337330341	0.161815851927	0.453895747662	0.00561556592584	1.33439040184	0.0276794247329	3.42144870758	1.17159163952	0.00320051936433	1.93340802193	0.402107596397	1.55902123451	0.641824066639	0.308489948511	0.853057742119	0.971091449261	2.41347551346	0.444028675556	1.18384110928	1.16826462746	0.648550629616	0.326116085052	0.796755313873	0.0678849071264	0.442535996437	0.176949039102	1.07126939297	0.526801407337	3.06116867065	0.0341480635107	0.000345041393302	0.00307707325555	0.000942875456531	0.0472017265856	0.00319404597394	1.47212207317	0.209336876869	0.584035694599	0.0391907356679	0.208650574088	0.000379408855224	0.0281238984317	0.000322039151797	0.239151492715	0.00103512417991	0.0737194642425	0.0435331948102	0.00115823769011	0.00283165415749	0.152780458331	0.00489794136956	0.315613538027	0.128740876913	0.0908851027489	0.0476820208132	0.0113851204515	0.00257528061047	1.59755539894	0.906059503555	0.0529966987669	0.516868650913	0.93925178051	1.35471999645	0.0104008698836	0.150448545814	0.00120336038526	0.0833549201488	0.0299917012453	0.319904744625	0.158368363976	0.00225764373317	0.0389015264809	0.675300955772	0.193908542395	0.310900658369	0.0336596779525	1.1983833313	0.0230350606143	0.350825279951	0.922046005726	0.662932753563	0.0327063500881	0.158117026091
Orang1.16S	3.34033179283	0.160513713956	0.00291041005403	0.167784184217	0.029919045046	0.0427388548851	0.0127000212669	0.531875252724	0.742834806442	0.00148887757678	0.0496649555862	3.75035238266	0.0263594780117	0.0299424882978	0.000932432187256	0.313024103642	0.0924300551414	0.0542628951371	0.110968314111	0.0479343868792	0.0707433745265	0.000676931347698	0.00525385234505	0.0545231513679	0.0112237986177	0.140151441097	0.0196856800467	0.113519839942	0.0387413278222	0.365891814232	0.0175545718521	0.0920399650931	5.59745931625	0.282163441181	0.0264988373965	0.186516389251	0.325950264931	0.00286025530659	0.939270675182	0.0243590455502	2.37030816078	1.12168955803	0.00147697434295	1.707441926	0.255723774433	1.66461980343	0.287766814232	0.200772210956	0.500867009163	0.610380291939	1.83785319328	0.219064101577	0.937698543072	1.22822237015	0.443972200155	0.288553714752	0.764212071896	0.0413311906159	0.445366859436	0.099067427218	1.1580722332	0.373567074537	1.59150350094	0.0198212359101	0.000230392397498	0.00142823241185	0.000422351178713	0.0201597027481	0.0229396242648	0.880460381508	0.026222679764	0.375658422709	0.00205466314219	0.416833549738	0.000133270397782	0.0258785430342	0.000115196198749	0.0910650864244	0.000888350245077	0.0524134449661	0.00971709284931	0.000665472180117	0.0123877990991	0.202483102679	0.00349477585405	0.236231744289	0.0147150633857	0.0325576812029	0.0306740514934	0.00719243614003	0.000709251384251	1.31357502937	0.31098741293	0.00169945124071	0.289585858583	1.23039340973	0.759728133678	0.00282180844806	0.0878660529852	0.000743578071706	0.0153897264972	0.0255444832146	0.371272146702	0.0965742766857	0.014881381765	0.00661533465609	0.408047705889	0.103098966181	0.206494048238	0.0131858540699	0.383745193481	0.0159946158528	0.360220491886	0.489015042782	0.256270825863	0.0288715027273	0.0742488652468
PolarBr2.16S	2.12064003944	0.152917087078	0.000187598619959	0.109405867755	0.249057292938	0.275876164436	0.150354415178	0.46830752492	0.488374590874	0.000468686106615	0.166077539325	3.87857651711	0.0298267807811	0.00340141914785	9.56590884016e-05	0.202594950795	0.0566150695086	0.427772432566	0.0362151488662	0.0280939694494	0.0267493650317	0.0133473295718	0.0140470955521	0.0417478308082	0.0143975093961	0.100348502398	0.000175396067789	0.0775517523289	0.0587214231491	0.259828835726	0.00231058313511	0.0879109203815	4.6627869606	0.127529770136	0.0494458712637	0.148045197129	0.263585180044	0.0415930859745	0.644262075424	0.0831217393279	1.46549987793	0.312213033438	0.000537575688213	2.51128411293	0.628749907017	0.895413100719	0.154341101646	0.0493825264275	0.287176042795	0.292806535959	1.10903322697	0.137961596251	0.864664912224	0.888066351414	0.450144648552	0.0967186689377	0.436910659075	0.36954548955	0.4562484622	0.205073818564	1.81714010239	0.314229488373	0.874281287193	0.00668342923746	9.96996677713e-05	0.000826636853162	5.16428444826e-05	0.013357094489	0.000250587618211	0.397509336472	0.0938225761056	0.159106403589	0.0200209934264	0.0698950812221	4.78295442008e-05	0.00168783089612	5.16428444826e-05	0.142326846719	0.0155707905069	0.0195092596114	0.0261271223426	0.000941272708587	0.000341027451213	0.201245188713	0.000418584357249	0.330950349569	0.0433284901083	0.0221897400916	0.0312177501619	0.00973870232701	0.000286977272481	1.61013519764	0.366844534874	0.0268381480128	0.109979584813	0.959622919559	0.520346879959	0.000782356481068	0.265797555447	0.0104283569381	0.0342453047633	0.0366971343756	0.251932531595	0.0813887566328	0.000485932832817	0.0172875132412	0.394015938044	0.0515665635467	0.086986489594	0.0181008391082	0.046963378787	0.00188999692909	0.123316720128	0.276913255453	0.0198879819363	0.00242542498745	0.0953996106982
Rabbit.16S	1.31048440933	0.431656450033	0.00202400470152	0.128907248378	0.0877202227712	0.124152682722	0.031178066507	1.78482270241	0.95826280117	0.0162733960897	0.0816759467125	4.59198045731	0.033766515553	0.214808732271	0.000607050955296	0.267412513494	0.0593459904194	0.0625142380595	0.579509019852	0.121985062957	0.204519212246	0.000680163968355	0.0128186699003	0.0833349972963	0.06617154181	0.292522013187	0.0187313873321	0.383965969086	0.0264664720744	1.10999262333	0.0389706306159	0.0831422582269	5.69791078568	0.953620254993	0.0153928110376	0.142145872116	0.712097167969	0.00797361601144	1.49091732502	0.0387536026537	5.65299606323	2.12534308434	0.0162733960897	2.22112560272	0.714895427227	1.64069068432	0.64399266243	0.404017060995	2.13015270233	1.57767772675	3.692070961	0.653395652771	1.91613805294	1.33866536617	1.12490701675	0.598888397217	1.13163745403	0.0828592702746	0.527587532997	0.112001143396	1.12079370022	0.62542784214	5.00546121597	0.0187313873321	0.000591964868363	0.00662733288482	0.005311104469	0.0190714690834	0.0165403652936	1.65182685852	0.169206604362	0.821582019329	0.00106005638372	0.2662781775	0.000319868733641	0.063408613205	0.000300461106235	0.311278581619	0.00177589454688	0.0554853379726	0.00736907403916	0.00102024595253	0.00248044193722	0.296021580696	0.00413250364363	0.396766483784	0.10309201479	0.164381399751	0.0232786107808	0.0102024590597	0.00179978087544	1.57682526112	0.390962034464	0.00618951488286	0.955982029438	1.15567815304	1.56605625153	0.0235567688942	0.134377762675	0.00152768474072	0.0147265996784	0.0270552728325	0.309447914362	0.188664719462	0.0109622906893	0.0111850704998	1.34530413151	0.453202664852	0.276478201151	0.0547188967466	2.34753775597	0.0720851793885	0.280309796333	1.3774292469	1.65005767345	0.0421918071806	0.439186871052
RTLemur.16S	1.28283846378	0.375453203917	0.00498629594222	0.103118851781	0.0628488361835	0.080742508173	0.0293853282928	0.974768996239	0.631017208099	0.00746186263859	0.0775552466512	3.64315795898	0.0222450289875	0.121183805168	0.000724695448298	0.175778120756	0.105617322028	0.0780281797051	0.4362372756	0.0646853819489	0.0935096666217	0.00120800873265	0.0156169459224	0.0881889835	0.0394775867462	0.20826664567	0.00718167005107	0.349811792374	0.0299234353006	0.79542273283	0.043653331697	0.0655231624842	5.29169797897	0.743264615536	0.0100361527875	0.142152264714	0.497166991234	0.0125689469278	0.996402859688	0.0522194653749	4.0456495285	1.59565210342	0.00745468959212	2.10514974594	0.679072022438	1.62084937096	0.465240180492	0.370115935802	1.30599415302	1.23442935944	2.83053803444	0.453420490026	1.19266855717	1.01421892643	0.85362392664	0.458046942949	0.671067297459	0.0825147628784	0.372695595026	0.105557531118	0.987301468849	0.336008995771	3.73577284813	0.00718167005107	0.000490921607707	0.00431954907253	0.00230664317496	0.00778567465022	0.00764462444931	1.1557713747	0.0987138152122	0.765681505203	0.00201764749363	0.303903102875	0.000272878707619	0.0604736283422	0.000245460803853	0.362440228462	0.00149145885371	0.0305200275034	0.00864255987108	0.00162580038887	0.016011049971	0.266743332148	0.00578780798241	0.340108007193	0.0696146264672	0.147621035576	0.0206897445023	0.0161862708628	0.00150018278509	1.79244804382	0.403960496187	0.00469465786591	0.711934149265	1.01121938229	1.13030695915	0.0208564065397	0.146489977837	0.00129460252356	0.0251695625484	0.0179305225611	0.354530006647	0.274387985468	0.00514804618433	0.0170146077871	0.713095426559	0.296227544546	0.168229281902	0.0348718911409	1.83442282677	0.0429381094873	0.275045782328	1.00575613976	1.20859777927	0.027789151296	0.300208717585
Saki.16S	3.51651191711	0.369208335876	0.00171221850906	0.143019363284	0.0584543459117	0.0989828705788	0.0200476516038	0.491670161486	0.280156940222	0.00134668382816	0.0673665776849	3.32036089897	0.0398338325322	0.0300123225898	0.000721591117326	0.260128676891	0.0552172064781	0.0483619533479	0.305430620909	0.0172198805958	0.0218887291849	0.000510588346515	0.00844762008637	0.0323706194758	0.0122680906206	0.131532847881	0.0356149561703	0.151516884565	0.0140122380108	0.515775620937	0.0217796191573	0.105085670948	6.04809236526	0.309910774231	0.00490601873025	0.219564795494	0.380836367607	0.00795749481767	0.514676094055	0.047816414386	2.60875368118	1.38672912121	0.00118536385708	1.97345161438	0.409391343594	2.01935482025	0.396902501583	0.251887232065	0.970445752144	0.538995444775	2.37827157974	0.388894677162	0.968389987946	1.21167516708	0.430677115917	0.486262857914	0.696561694145	0.0565219968557	0.356943428516	0.0599735975266	1.11341965199	0.275882065296	2.5838561058	0.0356149561703	0.00047597149387	0.00187202030793	0.000311348296236	0.0358702503145	0.00165563600603	1.26769375801	0.0168555919081	0.720836997032	0.00103015743662	0.672422170639	0.000234047867707	0.0137967197224	0.000234047867707	0.248897701502	0.00149998941924	0.0447412133217	0.00786613393575	0.00123791664373	0.0163139030337	0.266903609037	0.002697261516	0.138134375215	0.0161945875734	0.141661912203	0.0113586029038	0.0107505880296	0.00140428729355	1.33241593838	0.586943924427	0.00172332033981	0.247173964977	1.33605051041	0.356481164694	0.0029427355621	0.219453290105	0.00123404082842	0.00850273948163	0.038275141269	0.391424626112	0.177142813802	0.000874015502632	0.0105238137767	0.273850113153	0.120590776205	0.324797749519	0.00929495040327	0.611727535725	0.0151399634779	0.420889496803	0.692518055439	0.738367080688	0.0469860211015	0.0904242619872
SpecBr2.16S	3.02727007866	0.0563176237047	0.000272897392279	0.240297392011	0.00276472792029	0.0030633227434	0.0038742183242	0.326126009226	0.806589782238	0.0137197822332	0.0325407721102	3.17213654518	0.00299863424152	0.000202695853659	6.5385761445e-06	0.199467837811	0.0620628371835	0.007806815207	0.0204234011471	0.0472644940019	0.0476287007332	0.000966102641541	0.00251248991117	0.0370734371245	0.00103475770447	0.0562143735588	0.000272897392279	0.340625226498	0.0441938303411	0.158120706677	0.00310230767354	0.040727622807	5.33970403671	0.0970295444131	0.0369959026575	0.0290341246873	0.0992396846414	0.000315500306897	0.784774780273	0.00204850337468	1.17652094364	0.856066584587	0.000286076712655	1.38765919209	0.171400889754	1.6330242157	0.0627060011029	0.00910932198167	0.204286336899	0.636818408966	0.889521598816	0.105433508754	0.606188237667	1.25019752979	0.477057904005	0.369575411081	0.6853505373	0.0196826998144	0.583034932613	0.0790107548237	0.755562961102	0.231531187892	0.542066931725	0.000479679874843	6.5385761445e-06	0.000835345126689	3.2692880723e-06	0.000962731195614	1.63464392244e-05	0.379391610622	0.00643332349136	0.163540631533	0.00193164637312	0.054544724524	3.2692880723e-06	0.00194297474809	3.2692880723e-06	0.0219874661416	0.000170002967934	0.00593199487776	0.00178080238402	0.0411299243569	0.00103165872861	0.0400943569839	0.000289243849693	0.184163615108	0.031508333981	0.00329396594316	0.0495634488761	0.276962190866	1.96157270693e-05	2.30215215683	0.0872678011656	0.00194201315753	0.177001923323	0.948801636696	0.624102532864	0.0152902668342	0.137806534767	0.000116604605864	0.00426223594695	0.000555602659006	0.275426477194	0.25636073947	0.000282807421172	0.0287232454866	0.434023439884	0.0337303876877	0.0262646265328	0.0014445023844	0.230530336499	0.000624462030828	0.203809276223	0.459208518267	0.00120309798513	0.0693881809711	0.10126876086
SpgbkW.16S	1.7849957943	0.270197242498	0.00254890136421	0.155642002821	0.0457330867648	0.0657392963767	0.054079670459	0.658655583858	0.43757379055	0.0034047276713	0.0506563298404	4.65744686127	0.0627329349518	0.120579972863	0.000676842115354	0.137065902352	0.166161298752	0.0960846841335	0.176434576511	0.0342391133308	0.0617241077125	0.00961614772677	0.0133610451594	0.0466279387474	0.0238649267703	0.181407794356	0.0171018149704	0.333725482225	0.148076280951	0.479417264462	0.034333050251	0.16741643846	4.95552635193	0.4531904459	0.0249826405197	0.176375806332	0.443478018045	0.006319724489	1.32251894474	0.0234846007079	2.5399582386	0.945452213287	0.00340436282568	2.14450478554	0.238789305091	1.04191732407	0.331073999405	0.219818100333	0.653795540333	0.620766162872	1.94705510139	0.295520395041	1.04863834381	0.93367254734	0.466930627823	0.217639163136	0.607659995556	0.0596782937646	0.656495153904	0.218454167247	0.911591827869	0.33684399724	2.13660001755	0.0179691184312	0.000403927522712	0.00968825165182	0.000984928570688	0.0227771922946	0.00363162765279	0.969225406647	0.102759547532	0.415012657642	0.0327660664916	0.134810462594	0.000216758198803	0.0245969239622	0.000196533379494	0.198692962527	0.00126434629783	0.0467558652163	0.0388465076685	0.00134982611053	0.023965716362	0.154479667544	0.00396017730236	0.353018850088	0.0805715695024	0.11743337661	0.0155064808205	0.0133899394423	0.00260879192501	1.889731884	0.755171895027	0.0202820468694	0.398152261972	0.57381016016	0.781845450401	0.00872873514891	0.189715251327	0.0010596557986	0.0563037730753	0.0241524465382	0.17172037065	0.0973407626152	0.00241943448782	0.0149483643472	0.456486344337	0.169233560562	0.289801090956	0.0235546976328	0.970176577568	0.018698213622	0.247854337096	0.657110393047	0.536738812923	0.0275210551918	0.17884734273
Squirrel.16S	2.8461227417	0.191438853741	0.000469987862743	0.216115891933	0.0122492751107	0.0102894725278	0.0047519444488	0.346246898174	0.213702023029	0.0210756473243	0.0118605317548	2.23836636543	0.0100482907146	0.040303722024	0.000126007274957	0.056695446372	0.0116833522916	0.00769806420431	0.216709181666	0.0205374341458	0.0305546615273	0.000113402718853	0.00326880044304	0.0194813832641	0.0116029074416	0.0621158592403	0.00738123850897	0.451099008322	0.00335187441669	0.359048694372	0.00778081919998	0.0176382958889	5.62640571594	0.221338689327	0.00144081853796	0.0294896382838	0.255654662848	0.00241867336445	0.229085698724	0.00809840671718	2.02866125107	1.3866943121	0.00251935608685	1.46046483517	0.248674824834	1.57281553745	0.154618382454	0.0906025469303	0.640582799911	0.76056098938	1.4362616539	0.197032153606	0.554299771786	1.35557436943	0.616253376007	0.628534793854	0.751330196857	0.0164966247976	0.475927114487	0.0168886557221	0.39622464776	0.10287797451	1.723767519	0.00738123850897	8.87063724804e-05	0.0010353422258	0.000820884946734	0.00743794022128	0.00258866208605	0.618888139725	0.0355707742274	0.354758888483	0.000170104074641	0.18788126111	4.43531862402e-05	0.0182547774166	4.43531862402e-05	0.12292073667	0.000266119110165	0.0106932362542	0.00137085549068	0.0558389760554	0.00277221831493	0.0710323825479	0.000494751730003	0.0777979493141	0.0551945194602	0.0812017396092	0.0215364936739	0.372826874256	0.000266119110165	2.34204602242	0.187006995082	0.00142294086982	0.187242895365	0.961168169975	0.39573225379	0.0269647426903	0.259151518345	0.000221765934839	0.00155518355314	0.00900060031563	0.262068092823	0.351741999388	0.00169847114012	0.0400194786489	0.453527152538	0.0988989248872	0.112917505205	0.0118870111182	0.835727572441	0.0130433654413	0.182253241539	0.687732338905	0.509424090385	0.104859776795	0.2046341151
Urial2.16S	1.41049087048	0.2597438097	0.00339062465355	0.168659850955	0.0519583038986	0.0535176880658	0.0272846668959	0.674091517925	0.682914674282	0.00440730014816	0.0641752034426	3.69823813438	0.0379740819335	0.151822537184	0.000487712735776	0.219872638583	0.075789116323	0.0980321764946	0.193378314376	0.0567070022225	0.0783582702279	0.00163001171313	0.00830880459398	0.0529484115541	0.0212057251483	0.26264834404	0.024026427418	0.259773284197	0.0334213003516	0.607589125633	0.0397737845778	0.0847762748599	5.19594240189	0.508473932743	0.0170793272555	0.135010436177	0.4118925035	0.00541125284508	0.995388329029	0.0352638624609	3.26387476921	1.31269955635	0.00442172819749	1.97099518776	0.394653111696	1.42270231247	0.451043397188	0.262930780649	0.821761310101	0.928338944912	2.33310103416	0.366194844246	1.08767318726	0.902927279472	0.624864459038	0.289471685886	0.736422777176	0.0637270882726	0.372624695301	0.102391831577	0.882086694241	0.362219452858	2.49208116531	0.0243053659797	0.000374955066945	0.00355122773908	0.00130037358031	0.0251203719527	0.00438883341849	1.20226252079	0.0572409704328	0.48927295208	0.00249150744639	0.179745435715	0.000213157050894	0.0473020710051	0.000506050826516	0.232565015554	0.00112486514263	0.0565884523094	0.00854951981455	0.0015185381053	0.00537955434993	0.159675002098	0.00687388516963	0.309235155582	0.0577258095145	0.0626417174935	0.0252623129636	0.0152863766998	0.00113514752593	1.62153995037	0.419805914164	0.00688155787066	0.487476468086	0.968722999096	0.99021166563	0.0111271962523	0.115457743406	0.000971113506239	0.0332653187215	0.0350377559662	0.299042075872	0.130103573203	0.00312135438435	0.0106262695044	0.519899070263	0.21836937964	0.291244119406	0.0267515033484	1.33717060089	0.0257945880294	0.337369382381	0.759261906147	0.770625770092	0.0432934910059	0.189500719309
VWPig.16S	1.35020208359	0.335401415825	0.00271780136973	0.12144562602	0.0494078435004	0.0417145416141	0.0188032649457	0.819468677044	0.785712778568	0.00439469935372	0.0594491958618	3.85471153259	0.0286281444132	0.0888383686543	0.000329467962729	0.206439912319	0.0776717290282	0.0643551573157	0.316558539867	0.0664150342345	0.0819207280874	0.00469484599307	0.020443206653	0.0577069818974	0.0336905159056	0.188868775964	0.0117899104953	0.329610705376	0.0336344018579	0.711284518242	0.0435190461576	0.080718383193	5.5201420784	0.645545780659	0.0296740718186	0.124902032316	0.445779263973	0.0151621494442	1.12903642654	0.0469627529383	3.38987231255	1.4029109478	0.00449152523652	1.90153646469	0.745793700218	2.02694344521	0.557999908924	0.372226834297	1.02561903	1.12720489502	2.4903113842	0.415033400059	1.15344667435	1.07208859921	0.729672372341	0.400227695704	0.692270100117	0.083240032196	0.353334605694	0.11132452637	1.11971533298	0.351017594337	3.14617013931	0.0137972310185	0.000350119604263	0.00612012948841	0.00132581603248	0.0161446537822	0.00430691614747	1.34953594208	0.0746948197484	0.70140504837	0.00704226875678	0.320552140474	0.000175059802132	0.033312600106	0.000410366657888	0.365400671959	0.001050358871	0.046487275511	0.0115915127099	0.00125175376888	0.00268379668705	0.229775130749	0.00451288931072	0.285825759172	0.0623016282916	0.11572586	0.0308574214578	0.013408433646	0.000942798156757	1.78633308411	0.56656306982	0.0105588007718	0.663711845875	1.00222289562	0.991849482059	0.00832480471581	0.127479016781	0.000875299039762	0.029976695776	0.0185995902866	0.395890593529	0.347374856472	0.00316570908763	0.0228161737323	0.5645403862	0.253492772579	0.197033286095	0.0238128546625	1.57431936264	0.0334183648229	0.318955987692	0.929688513279	1.00551378727	0.028071725741	0.242374464869
ZebraSTL1.16S	2.05812215805	0.32546544075	0.00217474531382	0.098236322403	0.0536193102598	0.0548165775836	0.0240779537708	0.932932913303	0.552695333958	0.0109316762537	0.0618501119316	3.34248733521	0.0190624110401	0.171786949039	0.000527018273715	0.133511275053	0.0469931997359	0.0565746724606	0.441730439663	0.0635130032897	0.113162942231	0.000641397782601	0.0113967955112	0.0453121587634	0.0356619916856	0.197260648012	0.00713727623224	0.440167844296	0.0215755123645	0.902134776115	0.0798763632774	0.05314803496	5.36084318161	0.626154005527	0.00750969490036	0.16488930583	0.520474374294	0.00892173033208	0.83093726635	0.0462196990848	4.12268209457	1.59575164318	0.00793243665248	1.86122059822	0.621455490589	1.67834281921	0.386204391718	0.296317011118	1.31211912632	1.30751550198	2.59484052658	0.58566391468	1.12386405468	1.17689085007	0.733903229237	0.538730800152	0.883850038052	0.0705860182643	0.500689387321	0.115238197148	0.757783770561	0.297438144684	4.29716396332	0.00713727623224	0.000418951996835	0.0046193334274	0.00238710665144	0.0074579748325	0.00768833840266	1.06343245506	0.0914268046618	0.815660357475	0.00117967720144	0.311912238598	0.000210244485061	0.0400568768382	0.000258785352344	0.333988636732	0.00127663603052	0.0317796990275	0.00658078864217	0.0108215138316	0.00212725275196	0.245264530182	0.00413092179224	0.265981853008	0.0743970498443	0.142570182681	0.0193574298173	0.0767315626144	0.00448230421171	2.01138615608	0.379274249077	0.00221417774446	0.621623754501	0.959024906158	1.04343593121	0.0525076463819	0.146117910743	0.00106858788058	0.0169609338045	0.0151638267562	0.285513371229	0.288404375315	0.00530055211857	0.0188992507756	0.646506309509	0.274627298117	0.161499992013	0.0296362861991	1.9499322176	0.0425965636969	0.311323344707	1.00473976135	1.28847694397	0.0713962242007	0.329402178526
