"id","deleted","project_id","mgrast_metagenome_id","name","bp_count","sequence_count","assigned_read_count","abundances_inputted","cazy_generated"
1951,0,14,4538324.3,"DD98",3275834,16217,15979,1,0
1950,0,14,4538323.3,"DD97",3348352,16576,15425,1,0
1920,0,14,4538279.3,"DD43",7132014,35307,34030,1,0
1914,0,14,4538270.3,"DD33",3891530,19265,16921,1,0
1913,0,14,4538269.3,"DD32",3660442,18121,17595,1,0
1911,0,14,4538255.3,"DD2",5664282,28041,25723,1,0
1909,0,14,4538276.3,"DD4",2364006,11703,11387,1,0
1907,0,14,4538290.3,"DD6",4512882,22341,22185,1,0
1905,0,14,4538307.3,"DD8",5857798,28999,27745,1,0
1902,0,14,4538217.3,"DD13",5101308,25254,24281,1,0
1898,0,14,4538254.3,"DD18",5569342,27571,27336,1,0
1894,0,14,4538259.3,"DD23",5329568,26384,24744,1,0
1891,0,14,4538263.3,"DD27",3724476,18438,17606,1,0
1890,0,14,4538264.3,"DD28",4090500,20250,18837,1,0
1889,0,14,4538265.3,"DD29",4679330,23165,21855,1,0
1955,0,14,4538197.3,"DD107",3974552,19676,19165,1,0
1954,0,14,4538196.3,"DD106",4036768,19984,19339,1,0
1953,0,14,4538195.3,"DD104",6283614,31107,30445,1,0
1952,0,14,4538193.3,"DD102",4123426,20413,20009,1,0
1949,0,14,4538322.3,"DD96",2073530,10265,10117,1,0
1948,0,14,4538319.3,"DD93",2142816,10608,10464,1,0
1947,0,14,4538318.3,"DD90",1765278,8739,8622,1,0
1946,0,14,4538317.3,"DD89",1401476,6938,6883,1,0
1945,0,14,4538315.3,"DD87",2822950,13975,13737,1,0
1944,0,14,4538314.3,"DD86",3984248,19724,18226,1,0
1943,0,14,4538313.3,"DD85",2085246,10323,10240,1,0
1942,0,14,4538312.3,"DD84",2882540,14270,14141,1,0
1941,0,14,4538311.3,"DD83",3867896,19148,18685,1,0
1940,0,14,4538310.3,"DD82",3849514,19057,18818,1,0
1939,0,14,4538309.3,"DD81",2516920,12460,12135,1,0
1938,0,14,4538308.3,"DD80",1552774,7687,7066,1,0
1937,0,14,4538306.3,"DD79",2410668,11934,11502,1,0
1936,0,14,4538303.3,"DD72",1803456,8928,7862,1,0
1935,0,14,4538302.3,"DD71",4578734,22667,21239,1,0
1934,0,14,4538301.3,"DD70",2906578,14389,12914,1,0
1933,0,14,4538298.3,"DD68",3086964,15282,13842,1,0
1932,0,14,4538297.3,"DD67",2528232,12516,11529,1,0
1931,0,14,4538295.3,"DD65",5239072,25936,23931,1,0
1930,0,14,4538294.3,"DD64",5281492,26146,23969,1,0
1929,0,14,4538293.3,"DD63",2988186,14793,13903,1,0
1928,0,14,4538292.3,"DD61",2357542,11671,11541,1,0
1927,0,14,4538291.3,"DD60",4066058,20129,19948,1,0
1926,0,14,4538289.3,"DD59",4552878,22539,22032,1,0
1925,0,14,4538288.3,"DD58",4209074,20837,20592,1,0
1924,0,14,4538287.3,"DD53",3234626,16013,15905,1,0
1923,0,14,4538284.3,"DD48",10327654,51127,46158,1,0
1922,0,14,4538283.3,"DD47",6710844,33222,32563,1,0
1921,0,14,4538280.3,"DD44",2787398,13799,13566,1,0
1919,0,14,4538278.3,"DD42",4626204,22902,20178,1,0
1918,0,14,4538275.3,"DD39",4230486,20943,19599,1,0
1917,0,14,4538274.3,"DD38",6202410,30705,28289,1,0
1916,0,14,4538273.3,"DD36",4156554,20577,20454,1,0
1915,0,14,4538271.3,"DD34",4976876,24638,22721,1,0
1969,0,14,4538212.3,"DD123",2634484,13042,12767,1,0
1912,0,14,4538268.3,"DD31",4373098,21649,20129,1,0
1910,0,14,4538266.3,"DD3",4283208,21204,20318,1,0
1908,0,14,4538285.3,"DD5",6195138,30669,28262,1,0
1906,0,14,4538300.3,"DD7",5530962,27381,25449,1,0
1904,0,14,4538190.3,"DD10",5531366,27383,26510,1,0
1903,0,14,4538208.3,"DD12",5354010,26505,25609,1,0
1901,0,14,4538228.3,"DD14",4668826,23113,22392,1,0
1900,0,14,4538238.3,"DD15",4189884,20742,18580,1,0
1899,0,14,4538253.3,"DD17",5790330,28665,27145,1,0
1897,0,14,4538256.3,"DD20",4315730,21365,21277,1,0
1896,0,14,4538257.3,"DD21",4253716,21058,20227,1,0
1895,0,14,4538258.3,"DD22",3659432,18116,17844,1,0
1893,0,14,4538260.3,"DD24",5620246,27823,23262,1,0
1892,0,14,4538261.3,"DD25",4650848,23024,22212,1,0
1888,0,14,4538267.3,"DD30",2366228,11714,10235,1,0
1968,0,14,4538211.3,"DD122",3433394,16997,15826,1,0
1967,0,14,4538210.3,"DD121",4734072,23436,18685,1,0
1966,0,14,4538209.3,"DD120",4544394,22497,21071,1,0
1965,0,14,4538207.3,"DD119",6312904,31252,28382,1,0
1964,0,14,4538206.3,"DD118",4938294,24447,23829,1,0
1963,0,14,4538205.3,"DD116",3774976,18688,16280,1,0
1962,0,14,4538204.3,"DD115",937684,4642,4458,1,0
1961,0,14,4538203.3,"DD114",5038890,24945,24437,1,0
1960,0,14,4538202.3,"DD113",4319568,21384,20198,1,0
1959,0,14,4538201.3,"DD112",5706904,28252,22695,1,0
1958,0,14,4538200.3,"DD111",4120396,20398,19283,1,0
1957,0,14,4538199.3,"DD110",4000408,19804,17556,1,0
1956,0,14,4538198.3,"DD108",3000306,14853,13600,1,0
1970,0,14,4538213.3,"DD125",3799418,18809,18639,1,0
1971,0,14,4538215.3,"DD128",3092216,15308,13943,1,0
1972,0,14,4538216.3,"DD129",4228062,20931,20342,1,0
1973,0,14,4538218.3,"DD130",5437234,26917,26311,1,0
1974,0,14,4538220.3,"DD132",2989196,14798,14230,1,0
1975,0,14,4538221.3,"DD133",3377642,16721,15785,1,0
1976,0,14,4538222.3,"DD134",4206448,20824,19855,1,0
1977,0,14,4538223.3,"DD135",4967382,24591,22020,1,0
1978,0,14,4538224.3,"DD136",6100804,30202,29545,1,0
1979,0,14,4538225.3,"DD137",4644586,22993,22549,1,0
1980,0,14,4538226.3,"DD138",882942,4371,4096,1,0
1981,0,14,4538227.3,"DD139",5196854,25727,24371,1,0
1982,0,14,4538229.3,"DD140",3742252,18526,17477,1,0
1983,0,14,4538230.3,"DD141",4846788,23994,20534,1,0
1984,0,14,4538232.3,"DD144",3358048,16624,16041,1,0
1985,0,14,4538233.3,"DD145",2518132,12466,11268,1,0
1986,0,14,4538234.3,"DD146",4861130,24065,22889,1,0
1987,0,14,4538235.3,"DD147",6194532,30666,28948,1,0
1988,0,14,4538236.3,"DD148",11373408,56304,55069,1,0
1989,0,14,4538237.3,"DD149",7377444,36522,26267,1,0
1990,0,14,4538239.3,"DD150",8557124,42362,36372,1,0
1991,0,14,4538240.3,"DD151",7549952,37376,35251,1,0
1992,0,14,4538241.3,"DD152",9189990,45495,45132,1,0
1993,0,14,4538242.3,"DD153",8595100,42550,41128,1,0
1994,0,14,4538243.3,"DD154",12717112,62956,61894,1,0
1995,0,14,4538244.3,"DD155",13321900,65950,65378,1,0
1996,0,14,4538245.3,"DD157",9474406,46903,42319,1,0
1997,0,14,4538246.3,"DD160",13398458,66329,59838,1,0
1998,0,14,4538247.3,"DD161",17606522,87161,84924,1,0
1999,0,14,4538248.3,"DD162",13336040,66020,62866,1,0
2000,0,14,4538249.3,"DD164",13951736,69068,67971,1,0
2001,0,14,4538250.3,"DD167",9704686,48043,44038,1,0
2002,0,14,4538251.3,"DD168",9949510,49255,42714,1,0
2003,0,14,4538252.3,"DD169",5133224,25412,22161,1,0
2004,0,14,4538465.3,"ID3",13022738,64469,62478,1,0
2005,0,14,4538476.3,"ID4",14317558,70879,66992,1,0
2006,0,14,4538485.3,"ID5",15174644,75122,68075,1,0
2007,0,14,4538496.3,"ID6",14566624,72112,66770,1,0
2008,0,14,4538501.3,"ID7",10756702,53251,48071,1,0
2009,0,14,4538502.3,"ID8",19948510,98755,94830,1,0
2010,0,14,4538508.3,"ID9",16627832,82316,71136,1,0
2011,0,14,4538375.3,"ID16",12819930,63465,61677,1,0
2012,0,14,4538379.3,"ID17",12238372,60586,58324,1,0
2013,0,14,4538389.3,"ID18",13825688,68444,66004,1,0
2014,0,14,4538411.3,"ID21",15347556,75978,70840,1,0
2015,0,14,4538444.3,"ID25",6906582,34191,31764,1,0
2016,0,14,4538462.3,"ID27",17997998,89099,86086,1,0
2017,0,14,4538463.3,"ID28",16688836,82618,80433,1,0
2018,0,14,4538464.3,"ID29",15960626,79013,74307,1,0
2019,0,14,4538466.3,"ID30",17304532,85666,84367,1,0
2020,0,14,4538467.3,"ID31",16524004,81802,79758,1,0
2021,0,14,4538468.3,"ID32",17196260,85130,82010,1,0
2022,0,14,4538469.3,"ID33",12993852,64326,58105,1,0
2023,0,14,4538470.3,"ID34",18694090,92545,88398,1,0
2024,0,14,4538471.3,"ID35",16878514,83557,82101,1,0
2025,0,14,4538472.3,"ID36",18545418,91809,88934,1,0
2026,0,14,4538473.3,"ID37",9708726,48063,46724,1,0
2027,0,14,4538474.3,"ID38",18287262,90531,87067,1,0
2028,0,14,4538475.3,"ID39",17722874,87737,84340,1,0
2029,0,14,4538477.3,"ID40",11546926,57163,55826,1,0
2030,0,14,4538478.3,"ID42",15980624,79112,77203,1,0
2031,0,14,4538479.3,"ID43",8295332,41066,39835,1,0
2032,0,14,4538480.3,"ID44",15000722,74261,72588,1,0
2033,0,14,4538481.3,"ID45",13358664,66132,62431,1,0
2034,0,14,4538482.3,"ID46",10252914,50757,48437,1,0
2035,0,14,4538483.3,"ID47",10536118,52159,50984,1,0
2036,0,14,4538484.3,"ID49",16587432,82116,75754,1,0
2037,0,14,4538486.3,"ID50",16435326,81363,77303,1,0
2038,0,14,4538487.3,"ID51",13729334,67967,65087,1,0
2039,0,14,4538488.3,"ID52",16262010,80505,76199,1,0
2040,0,14,4538489.3,"ID53",17910734,88667,84585,1,0
2041,0,14,4538490.3,"ID54",18165456,89928,87595,1,0
2042,0,14,4538491.3,"ID55",17459264,86432,84246,1,0
2043,0,14,4538492.3,"ID56",19168588,94894,85192,1,0
2044,0,14,4538493.3,"ID57",9024956,44678,41973,1,0
2045,0,14,4538494.3,"ID58",15040718,74459,61308,1,0
2046,0,14,4538495.3,"ID59",32399386,160393,152241,1,0
2047,0,14,4538497.3,"ID60",11344522,56161,55836,1,0
2048,0,14,4538498.3,"ID61",16847204,83402,79917,1,0
2049,0,14,4538499.3,"ID63",16351496,80948,70813,1,0
2050,0,14,4538500.3,"ID64",7581868,37534,34440,1,0
2051,0,14,4538503.3,"ID83",13267966,65683,62302,1,0
2052,0,14,4538504.3,"ID85",15815186,78293,72362,1,0
2053,0,14,4538505.3,"ID86",10769428,53314,52520,1,0
2054,0,14,4538506.3,"ID87",8239984,40792,39972,1,0
2055,0,14,4538507.3,"ID89",15052838,74519,70275,1,0
2056,0,14,4538509.3,"ID90",12797912,63356,60781,1,0
2057,0,14,4538510.3,"ID91",10879922,53861,52074,1,0
2058,0,14,4538511.3,"ID92",15598642,77221,69450,1,0
2059,0,14,4538512.3,"ID95",10208272,50536,44758,1,0
2060,0,14,4538513.3,"ID97",17439468,86334,84777,1,0
2061,0,14,4538514.3,"ID98",15488956,76678,71453,1,0
2062,0,14,4538515.3,"ID99",18374526,90963,86562,1,0
2063,0,14,4538326.3,"ID100",16284432,80616,77613,1,0
2064,0,14,4538328.3,"ID103",9741854,48227,47107,1,0
2065,0,14,4538329.3,"ID104",18143842,89821,88612,1,0
2066,0,14,4538330.3,"ID106",12241604,60602,59762,1,0
2067,0,14,4538333.3,"ID109",17525924,86762,86053,1,0
2068,0,14,4538335.3,"ID110",19539864,96732,85292,1,0
2069,0,14,4538336.3,"ID112",9912140,49070,45102,1,0
2070,0,14,4538337.3,"ID113",9874770,48885,47215,1,0
2071,0,14,4538339.3,"ID115",13697216,67808,67065,1,0
2072,0,14,4538340.3,"ID117",10396738,51469,44019,1,0
2073,0,14,4538342.3,"ID120",9687516,47958,46979,1,0
2074,0,14,4538344.3,"ID123",7344114,36357,35806,1,0
2075,0,14,4538345.3,"ID124",755076,3738,3725,1,0
2076,0,14,4538346.3,"ID125",13838212,68506,65983,1,0
2077,0,14,4538347.3,"ID127",20437754,101177,96803,1,0
2078,0,14,4538348.3,"ID128",10017382,49591,45227,1,0
2079,0,14,4538349.3,"ID129",9525310,47155,45731,1,0
2080,0,14,4538352.3,"ID131",18814078,93139,89449,1,0
2081,0,14,4538353.3,"ID132",10146258,50229,48722,1,0
2082,0,14,4538354.3,"ID133",16893664,83632,79998,1,0
2083,0,14,4538355.3,"ID134",11868914,58757,57683,1,0
2084,0,14,4538356.3,"ID135",9909716,49058,46298,1,0
2085,0,14,4538357.3,"ID136",19113644,94622,87380,1,0
2086,0,14,4538359.3,"ID138",17740246,87823,62431,1,0
2087,0,14,4538361.3,"ID140",21346148,105674,105103,1,0
2088,0,14,4538368.3,"ID153",14674694,72647,70735,1,0
2089,0,14,4538370.3,"ID155",18615108,92154,90498,1,0
2090,0,14,4538371.3,"ID156",29674406,146903,140341,1,0
2091,0,14,4538377.3,"ID167",24644606,122003,120467,1,0
2092,0,14,4538394.3,"ID188",11506930,56965,56209,1,0
2093,0,14,4538408.3,"ID205",7888706,39053,37430,1,0
2094,0,14,4538410.3,"ID209",13251806,65603,60493,1,0
2095,0,14,4538412.3,"ID210",17626722,87261,85240,1,0
2096,0,14,4538413.3,"ID211",22303426,110413,107861,1,0
2097,0,14,4538414.3,"ID214",19227572,95186,92313,1,0
2098,0,14,4538416.3,"ID216",19768730,97865,95443,1,0
2099,0,14,4538417.3,"ID217",19618240,97120,83822,1,0
2100,0,14,4538420.3,"ID220",9580860,47430,47067,1,0
2101,0,14,4538421.3,"ID221",18202826,90113,83091,1,0
2102,0,14,4538423.3,"ID225",24254544,120072,117772,1,0
2103,0,14,4538425.3,"ID230",15658636,77518,74350,1,0
2104,0,14,4538426.3,"ID231",21001132,103966,103080,1,0
2105,0,14,4538429.3,"ID235",19452398,96299,91977,1,0
2106,0,14,4538431.3,"ID237",7967688,39444,35831,1,0
2107,0,14,4538432.3,"ID238",6900522,34161,27440,1,0
2108,0,14,4538433.3,"ID239",10510464,52032,46334,1,0
2109,0,14,4538434.3,"ID240",15135254,74927,64579,1,0
2110,0,14,4538435.3,"ID241",15584502,77151,76934,1,0
2111,0,14,4538449.3,"ID254",16700350,82675,81678,1,0
2112,0,14,4538450.3,"ID255",19786506,97953,94619,1,0
2113,0,14,4538451.3,"ID256",13817204,68402,60163,1,0
2114,0,14,4538452.3,"ID257",20670256,102328,100175,1,0
2115,0,14,4538453.3,"ID258",8305634,41117,36022,1,0
2116,0,14,4538454.3,"ID259",6675494,33047,30450,1,0
2117,0,14,4538455.3,"ID260",17494008,86604,83488,1,0
2118,0,14,4538456.3,"ID261",7642266,37833,33967,1,0
2119,0,14,4538457.3,"ID262",6157970,30485,26028,1,0
2120,0,14,4538458.3,"ID263",8656104,42852,40221,1,0
2121,0,14,4538459.3,"ID264",7949710,39355,38590,1,0
2122,0,14,4538460.3,"ID265",18084858,89529,75441,1,0
2123,0,14,4538461.3,"ID266",9361892,46346,45735,1,0
2124,0,14,4542099.3,"ITS3.DD10",2871907,20106,16997,1,0
2125,0,14,4542100.3,"ITS3.DD102",9547395,75251,9276,1,0
2126,0,14,4542101.3,"ITS3.DD105",1868150,20419,52,1,0
2127,0,14,4542102.3,"ITS3.DD107",3823728,39496,2145,1,0
2128,0,14,4542103.3,"ITS3.DD108",3970491,27929,1755,1,0
2129,0,14,4542104.3,"ITS3.DD110",1619521,11332,5526,1,0
2130,0,14,4542105.3,"ITS3.DD111",1028954,11771,33,1,0
2131,0,14,4542106.3,"ITS3.DD112",3374940,38019,38,1,0
2132,0,14,4542107.3,"ITS3.DD113",13552194,92412,731,1,0
2133,0,14,4542108.3,"ITS3.DD115",10367795,95621,9896,1,0
2134,0,14,4542109.3,"ITS3.DD116",10502788,87090,16247,1,0
2135,0,14,4542110.3,"ITS3.DD118",6343841,73300,25,1,0
2136,0,14,4542111.3,"ITS3.DD119",6010132,49776,9161,1,0
2137,0,14,4542112.3,"ITS3.DD12",131816,971,351,1,0
2138,0,14,4542113.3,"ITS3.DD120",3243022,35641,98,1,0
2139,0,14,4542114.3,"ITS3.DD121",5224786,36611,31178,1,0
2140,0,14,4542115.3,"ITS3.DD122",2220723,15525,3860,1,0
2141,0,14,4542116.3,"ITS3.DD123",3376118,23858,8092,1,0
2142,0,14,4542117.3,"ITS3.DD124",9738871,65817,3354,1,0
2143,0,14,4542118.3,"ITS3.DD125",3899901,28057,8797,1,0
2144,0,14,4542119.3,"ITS3.DD129",2540546,18049,8398,1,0
2145,0,14,4542120.3,"ITS3.DD13",453071,3325,1603,1,0
2146,0,14,4542121.3,"ITS3.DD130",293893,2151,812,1,0
2147,0,14,4542122.3,"ITS3.DD132",3840063,26356,12494,1,0
2148,0,14,4542123.3,"ITS3.DD134",4860151,33249,6238,1,0
2149,0,14,4542124.3,"ITS3.DD136",2365880,20612,2922,1,0
2150,0,14,4542125.3,"ITS3.DD137",2130757,14710,6762,1,0
2151,0,14,4542126.3,"ITS3.DD138",539605,3800,3196,1,0
2152,0,14,4542127.3,"ITS3.DD139",226525,1571,501,1,0
2153,0,14,4542128.3,"ITS3.DD14",51906,444,152,1,0
2154,0,14,4542129.3,"ITS3.DD140",372808,2550,1903,1,0
2155,0,14,4542130.3,"ITS3.DD141",278859,1913,480,1,0
2156,0,14,4542131.3,"ITS3.DD143",1686578,11779,5626,1,0
2157,0,14,4542132.3,"ITS3.DD144",5736662,39949,4469,1,0
2158,0,14,4542133.3,"ITS3.DD146",2049403,14149,12853,1,0
2159,0,14,4542134.3,"ITS3.DD148",3057327,20597,18922,1,0
2160,0,14,4542135.3,"ITS3.DD149",1846304,12434,11684,1,0
2161,0,14,4542136.3,"ITS3.DD15",2488871,17999,8136,1,0
2162,0,14,4542137.3,"ITS3.DD151",9076122,61316,56554,1,0
2163,0,14,4542138.3,"ITS3.DD153",3892014,26216,24488,1,0
2164,0,14,4542139.3,"ITS3.DD155",2183401,14739,13257,1,0
2165,0,14,4542140.3,"ITS3.DD17",446651,3288,1142,1,0
2166,0,14,4542141.3,"ITS3.DD18",230061,1931,388,1,0
2167,0,14,4542142.3,"ITS3.DD20",460080,3314,1358,1,0
2168,0,14,4542143.3,"ITS3.DD21",299221,2090,884,1,0
2169,0,14,4542144.3,"ITS3.DD22",4090086,27760,25406,1,0
2170,0,14,4542145.3,"ITS3.DD23",413631,2950,1821,1,0
2171,0,14,4542146.3,"ITS3.DD24",4172603,29420,20901,1,0
2172,0,14,4542147.3,"ITS3.DD25",1826772,13570,4055,1,0
2173,0,14,4542148.3,"ITS3.DD27",460329,3733,531,1,0
2174,0,14,4542149.3,"ITS3.DD28",1752213,12410,10064,1,0
2175,0,14,4542150.3,"ITS3.DD29",936278,7104,2526,1,0
2176,0,14,4542151.3,"ITS3.DD3",906628,6439,514,1,0
2177,0,14,4542152.3,"ITS3.DD30",6714023,46075,2582,1,0
2178,0,14,4542153.3,"ITS3.DD31",6827079,47800,39350,1,0
2179,0,14,4542154.3,"ITS3.DD32",2816572,19328,4649,1,0
2180,0,14,4542155.3,"ITS3.DD33",4890354,33480,28824,1,0
2181,0,14,4542156.3,"ITS3.DD34",728031,5561,1196,1,0
2182,0,14,4542157.3,"ITS3.DD36",762803,5712,3525,1,0
2183,0,14,4542158.3,"ITS3.DD38",6404817,45252,40076,1,0
2184,0,14,4542159.3,"ITS3.DD39",2372918,16116,1510,1,0
2185,0,14,4542160.3,"ITS3.DD4",3872314,26711,1339,1,0
2186,0,14,4542161.3,"ITS3.DD41",31424022,213088,4059,1,0
2187,0,14,4542162.3,"ITS3.DD42",16433783,111200,3443,1,0
2188,0,14,4542163.3,"ITS3.DD43",2725248,18371,15105,1,0
2189,0,14,4542164.3,"ITS3.DD44",444759,3092,2379,1,0
2190,0,14,4542165.3,"ITS3.DD45",989145,7013,2072,1,0
2191,0,14,4542166.3,"ITS3.DD46",3015894,21048,13221,1,0
2192,0,14,4542167.3,"ITS3.DD47",325151,2421,1328,1,0
2193,0,14,4542168.3,"ITS3.DD48",4355443,30121,10493,1,0
2194,0,14,4542169.3,"ITS3.DD5",1591967,12125,7307,1,0
2195,0,14,4542170.3,"ITS3.DD51",1337979,9125,6871,1,0
2196,0,14,4542171.3,"ITS3.DD53",2762847,19026,15538,1,0
2197,0,14,4542172.3,"ITS3.DD58",1077172,7722,3069,1,0
2198,0,14,4542173.3,"ITS3.DD59",700012,5084,2940,1,0
2199,0,14,4542174.3,"ITS3.DD6",2747669,20516,4116,1,0
2200,0,14,4542175.3,"ITS3.DD60",38398,270,203,1,0
2201,0,14,4542176.3,"ITS3.DD61",352078,2526,1771,1,0
2202,0,14,4542177.3,"ITS3.DD63",9849869,66670,1891,1,0
2203,0,14,4542178.3,"ITS3.DD64",6416725,43722,2227,1,0
2204,0,14,4542179.3,"ITS3.DD65",689932,4779,329,1,0
2205,0,14,4542180.3,"ITS3.DD67",203356,1459,186,1,0
2206,0,14,4542181.3,"ITS3.DD68",1794657,12153,11133,1,0
2207,0,14,4542182.3,"ITS3.DD7",2849842,20412,11642,1,0
2208,0,14,4542183.3,"ITS3.DD70",223935,1537,117,1,0
2209,0,14,4542184.3,"ITS3.DD75",1076048,8405,6992,1,0
2210,0,14,4542185.3,"ITS3.DD77",2358550,15889,12292,1,0
2211,0,14,4542186.3,"ITS3.DD79",710681,4915,3961,1,0
2212,0,14,4542187.3,"ITS3.DD80",838258,5724,2439,1,0
2213,0,14,4542188.3,"ITS3.DD84",2079115,14695,5169,1,0
2214,0,14,4542189.3,"ITS3.DD85",87000,612,167,1,0
2215,0,14,4542190.3,"ITS3.DD86",859765,5997,4703,1,0
2216,0,14,4542191.3,"ITS3.DD87",1373294,9292,2196,1,0
2217,0,14,4542192.3,"ITS3.DD89",15966740,107812,4471,1,0
2218,0,14,4542193.3,"ITS3.DD90",990191,6707,6032,1,0
2219,0,14,4542194.3,"ITS3.DD92",31915,217,186,1,0
2220,0,14,4542195.3,"ITS3.DD96",1237367,8898,3719,1,0
2221,0,14,4542196.3,"ITS3.DD98",2136900,17238,1325,1,0
2222,0,14,4542197.3,"ITS3.DD99",6120006,44494,16416,1,0
2223,0,14,4541923.3,"DIET1",19013048,94124,92011,1,0
2224,0,14,4541924.3,"DIET10",20658136,102268,97910,1,0
2225,0,14,4541925.3,"DIET11",20204848,100024,99104,1,0
2226,0,14,4541926.3,"DIET12",22341200,110600,110479,1,0
2227,0,14,4541927.3,"DIET13",10838310,53655,49532,1,0
2228,0,14,4541928.3,"DIET14",21600870,106935,97279,1,0
2229,0,14,4542198.3,"ITS3.DIET14",2495471,22140,2624,1,0
2230,0,14,4541929.3,"DIET15",14895278,73739,72957,1,0
2231,0,14,4541930.3,"DIET16",8682970,42985,42490,1,0
2232,0,14,4542199.3,"ITS3.DIET16",8898775,63646,55386,1,0
2233,0,14,4541931.3,"DIET17",13923456,68928,66321,1,0
2234,0,14,4541932.3,"DIET18",12967592,64196,64141,1,0
2235,0,14,4542200.3,"ITS3.DIET18",628646,4365,3216,1,0
2236,0,14,4541933.3,"DIET19",10793870,53435,51538,1,0
2237,0,14,4541934.3,"DIET2",7611360,37680,36097,1,0
2238,0,14,4541935.3,"DIET20",2385418,11809,11379,1,0
2239,0,14,4542201.3,"ITS3.DIET20",5756330,40223,35587,1,0
2240,0,14,4541936.3,"DIET21",20882760,103380,103459,1,0
2241,0,14,4541937.3,"DIET22",8555912,42356,42486,1,0
2242,0,14,4542202.3,"ITS3.DIET22",1573706,10998,6681,1,0
2243,0,14,4541938.3,"DIET23",22102234,109417,96497,1,0
2244,0,14,4541939.3,"DIET24",8519754,42177,36665,1,0
2245,0,14,4541940.3,"DIET25",14520770,71885,71410,1,0
2246,0,14,4542203.3,"ITS3.DIET25",20485115,138290,130533,1,0
2247,0,14,4541941.3,"DIET26",19424724,96162,96148,1,0
2248,0,14,4541942.3,"DIET27",20799738,102969,102991,1,0
2249,0,14,4541943.3,"DIET28",21235452,105126,105063,1,0
2250,0,14,4541944.3,"DIET29",19587132,96966,96595,1,0
2251,0,14,4541945.3,"DIET3",9363306,46353,46282,1,0
2252,0,14,4541946.3,"DIET30",19134046,94723,94232,1,0
2253,0,14,4541947.3,"DIET31",18874072,93436,93233,1,0
2254,0,14,4542204.3,"ITS3.DIET31",9611785,67216,59639,1,0
2255,0,14,4541948.3,"DIET32",6614490,32745,32843,1,0
2256,0,14,4541949.3,"DIET33",15545920,76960,77033,1,0
2257,0,14,4541950.3,"DIET34",21601274,106937,106690,1,0
2258,0,14,4542205.3,"ITS3.DIET34",1693141,11994,8714,1,0
2259,0,14,4541951.3,"DIET35",15315236,75818,70873,1,0
2260,0,14,4541952.3,"DIET36",18718128,92664,87607,1,0
2261,0,14,4541953.3,"DIET37",17696412,87606,71719,1,0
2262,0,14,4542206.3,"ITS3.DIET37",13984175,116447,104466,1,0
2263,0,14,4541954.3,"DIET38",21258682,105241,105586,1,0
2264,0,14,4541955.3,"DIET39",24630668,121934,122295,1,0
2265,0,14,4541956.3,"DIET4",12988600,64300,64195,1,0
2266,0,14,4542207.3,"ITS3.DIET4",1095497,7451,2840,1,0
2267,0,14,4541957.3,"DIET40",9354216,46308,46352,1,0
2268,0,14,4541958.3,"DIET41",13271400,65700,59019,1,0
2269,0,14,4541959.3,"DIET42",7099896,35148,30640,1,0
2270,0,14,4541960.3,"DIET43",14317356,70878,59997,1,0
2271,0,14,4542208.3,"ITS3.DIET43",2088746,14386,12016,1,0
2272,0,14,4541961.3,"DIET44",25097692,124246,124360,1,0
2273,0,14,4541962.3,"DIET45",19763478,97839,97443,1,0
2274,0,14,4541963.3,"DIET46",17032438,84319,78393,1,0
2275,0,14,4541964.3,"DIET47",11370984,56292,55196,1,0
2276,0,14,4541965.3,"DIET48",7390776,36588,35770,1,0
2277,0,14,4541966.3,"DIET49",11444916,56658,54682,1,0
2278,0,14,4542209.3,"ITS3.DIET49",24412690,173023,156323,1,0
2279,0,14,4541967.3,"DIET5",11004960,54480,54477,1,0
2280,0,14,4541968.3,"DIET50",9964054,49327,49479,1,0
2281,0,14,4541969.3,"DIET51",7805280,38640,38819,1,0
2282,0,14,4541970.3,"DIET52",7502280,37140,37173,1,0
2283,0,14,4542210.3,"ITS3.DIET52",22773718,160706,144759,1,0
2284,0,14,4541971.3,"DIET53",23777824,117712,117103,1,0
2285,0,14,4541972.3,"DIET54",14808014,73307,73267,1,0
2286,0,14,4542211.3,"ITS3.DIET54",1003075,6940,3474,1,0
2287,0,14,4541973.3,"DIET55",21662076,107238,106444,1,0
2288,0,14,4541974.3,"DIET56",9896384,48992,48182,1,0
2289,0,14,4542212.3,"ITS3.DIET56",1368783,9292,5083,1,0
2290,0,14,4541975.3,"DIET6",10722160,53080,53040,1,0
2291,0,14,4542213.3,"ITS3.DIET6",1331239,9214,6544,1,0
2292,0,14,4541976.3,"DIET7",15955778,78989,78574,1,0
2293,0,14,4541977.3,"DIET8",9867498,48849,48398,1,0
2294,0,14,4542214.3,"ITS3.DIET8",2785890,18874,4468,1,0
2295,0,14,4541978.3,"DIET9",27359688,135444,132217,1,0
2296,0,14,4542215.3,"ITS3.ID100",17277587,120519,107873,1,0
2297,0,14,4542216.3,"ITS3.ID103",2383661,16342,7312,1,0
2298,0,14,4542217.3,"ITS3.ID104",1938734,13231,7865,1,0
2299,0,14,4542218.3,"ITS3.ID106",1160400,8111,3046,1,0
2300,0,14,4542219.3,"ITS3.ID109",2289733,15763,10900,1,0
2301,0,14,4542220.3,"ITS3.ID110",2135986,14932,12188,1,0
2302,0,14,4542221.3,"ITS3.ID112",6984146,48874,42604,1,0
2303,0,14,4542222.3,"ITS3.ID113",2976384,20435,9315,1,0
2304,0,14,4542223.3,"ITS3.ID115",1503444,10574,4844,1,0
2305,0,14,4542224.3,"ITS3.ID117",12323804,86197,77180,1,0
2306,0,14,4542225.3,"ITS3.ID119",171043,1154,130,1,0
2307,0,14,4542226.3,"ITS3.ID124",183574,1284,955,1,0
2308,0,14,4542227.3,"ITS3.ID125",11028633,76825,68496,1,0
2309,0,14,4542228.3,"ITS3.ID126",641985,4332,3987,1,0
2310,0,14,4542229.3,"ITS3.ID127",1153679,7961,4023,1,0
2311,0,14,4542230.3,"ITS3.ID128",1152616,7836,1742,1,0
2312,0,14,4542231.3,"ITS3.ID129",1395738,10255,6555,1,0
2313,0,14,4542232.3,"ITS3.ID131",4366829,29407,26776,1,0
2314,0,14,4542233.3,"ITS3.ID132",3723402,25047,23638,1,0
2315,0,14,4542234.3,"ITS3.ID133",7083147,49625,43172,1,0
2316,0,14,4542235.3,"ITS3.ID134",4544514,30671,27525,1,0
2317,0,14,4542236.3,"ITS3.ID135",2504421,17023,13238,1,0
2318,0,14,4542237.3,"ITS3.ID136",3775388,25498,23105,1,0
2319,0,14,4542238.3,"ITS3.ID138",1980157,13322,12634,1,0
2320,0,14,4542239.3,"ITS3.ID140",748992,5072,4531,1,0
2321,0,14,4542240.3,"ITS3.ID145",6191719,44070,38794,1,0
2322,0,14,4542241.3,"ITS3.ID162",53162,400,106,1,0
2323,0,14,4542242.3,"ITS3.ID170",7627226,53884,48338,1,0
2324,0,14,4542243.3,"ITS3.ID177",4252282,29648,18855,1,0
2325,0,14,4542244.3,"ITS3.ID191",1530546,10774,9550,1,0
2326,0,14,4542245.3,"ITS3.ID199",24406,173,141,1,0
2327,0,14,4542246.3,"ITS3.ID201",46923,333,155,1,0
2328,0,14,4542247.3,"ITS3.ID207",1232827,8691,4565,1,0
2329,0,14,4542248.3,"ITS3.ID209",3898076,27618,21023,1,0
2330,0,14,4542249.3,"ITS3.ID214",3992886,28102,24913,1,0
2331,0,14,4542250.3,"ITS3.ID217",2781904,19779,16812,1,0
2332,0,14,4542251.3,"ITS3.ID220",24487,172,135,1,0
2333,0,14,4542252.3,"ITS3.ID221",427178,2981,2224,1,0
2334,0,14,4542253.3,"ITS3.ID223",3352370,23503,17222,1,0
2335,0,14,4542254.3,"ITS3.ID231",4311091,29649,7419,1,0
2336,0,14,4542255.3,"ITS3.ID246",657140,4579,3895,1,0
2337,0,14,4542256.3,"ITS3.ID256",1371416,9540,4620,1,0
2338,0,14,4542257.3,"ITS3.ID43",2000547,13900,8203,1,0
2339,0,14,4542258.3,"ITS3.ID47",1301316,9306,7457,1,0
2340,0,14,4542259.3,"ITS3.ID55",9944330,68833,49674,1,0
2341,0,14,4542260.3,"ITS3.ID56",5440506,38034,33316,1,0
2342,0,14,4542261.3,"ITS3.ID8",3822159,27864,18965,1,0
2343,0,14,4542262.3,"ITS3.ID83",906836,6298,5539,1,0
2344,0,14,4542263.3,"ITS3.ID85",208011,1423,790,1,0
2345,0,14,4542264.3,"ITS3.ID86",30826,212,176,1,0
2346,0,14,4542265.3,"ITS3.ID87",2391545,16419,10477,1,0
2347,0,14,4542266.3,"ITS3.ID89",1709155,11678,7477,1,0
2348,0,14,4542267.3,"ITS3.ID90",5718606,38605,35409,1,0
2349,0,14,4542268.3,"ITS3.ID92",561385,3818,3041,1,0
2350,0,14,4542269.3,"ITS3.ID95",3243769,22090,16731,1,0
2351,0,14,4542270.3,"ITS3.ID97",1214971,8475,6715,1,0
2352,0,14,4542271.3,"ITS3.ID98",1792760,12198,1651,1,0
2353,0,14,4542272.3,"ITS3.ID99",14590341,101269,71921,1,0
